SET IDENTITY_INSERT [dbo].[Tags] ON;
 INSERT INTO [dbo].[Tags]
           ([Id],[Name]
           ,[Color]
           ,[ParentTagId]
           ,[IsTrainingGoal])
     VALUES (1, N'Zaměření tréninku', '#ffd254', null, 0);
 INSERT INTO [dbo].[Tags]
           ([Id],[Name]
           ,[Color]
           ,[ParentTagId]
           ,[IsTrainingGoal])
     VALUES (4, N'Tréninková část', '#0989c2', null, 0);
 INSERT INTO [dbo].[Tags]
           ([Id],[Name]
           ,[Color]
           ,[ParentTagId]
           ,[IsTrainingGoal])
     VALUES (5, N'Forma', '#d9980d', null, 0);
 INSERT INTO [dbo].[Tags]
           ([Id],[Name]
           ,[Color]
           ,[ParentTagId]
           ,[IsTrainingGoal])
     VALUES (6, N'Tělesná průprava', '#17a258', 1, 1);
 INSERT INTO [dbo].[Tags]
           ([Id],[Name]
           ,[Color]
           ,[ParentTagId]
           ,[IsTrainingGoal])
     VALUES (10, N'Vlastní', '#666666', null, 0);
 INSERT INTO [dbo].[Tags]
           ([Id],[Name]
           ,[Color]
           ,[ParentTagId]
           ,[IsTrainingGoal])
     VALUES (11, N'1 x 1', '#ffd254', 1, 1);
 INSERT INTO [dbo].[Tags]
           ([Id],[Name]
           ,[Color]
           ,[ParentTagId]
           ,[IsTrainingGoal])
     VALUES (12, N'2 x 2', '#ffd254', 1, 1);
 INSERT INTO [dbo].[Tags]
           ([Id],[Name]
           ,[Color]
           ,[ParentTagId]
           ,[IsTrainingGoal])
     VALUES (13, N'3 x 3', '#ffd254', 1, 1);
 INSERT INTO [dbo].[Tags]
           ([Id],[Name]
           ,[Color]
           ,[ParentTagId]
           ,[IsTrainingGoal])
     VALUES (14, N'4 x 4', '#ffd254', 1, 1);
 INSERT INTO [dbo].[Tags]
           ([Id],[Name]
           ,[Color]
           ,[ParentTagId]
           ,[IsTrainingGoal])
     VALUES (15, N'5 x 5', '#ffd254', 1, 1);
 INSERT INTO [dbo].[Tags]
           ([Id],[Name]
           ,[Color]
           ,[ParentTagId]
           ,[IsTrainingGoal])
     VALUES (16, N'2 x 3', '#ffd254', 1, 1);
 INSERT INTO [dbo].[Tags]
           ([Id],[Name]
           ,[Color]
           ,[ParentTagId]
           ,[IsTrainingGoal])
     VALUES (17, N'2 x 1', '#ffd254', 1, 1);
 INSERT INTO [dbo].[Tags]
           ([Id],[Name]
           ,[Color]
           ,[ParentTagId]
           ,[IsTrainingGoal])
     VALUES (18, N'Brankář', '#27dbf5', 1, 1);
 INSERT INTO [dbo].[Tags]
           ([Id],[Name]
           ,[Color]
           ,[ParentTagId]
           ,[IsTrainingGoal])
     VALUES (19, N'Útočník', '#27dbf5', 1, 1);
 INSERT INTO [dbo].[Tags]
           ([Id],[Name]
           ,[Color]
           ,[ParentTagId]
           ,[IsTrainingGoal])
     VALUES (20, N'Obránce', '#27dbf5', 1, 1);
 INSERT INTO [dbo].[Tags]
           ([Id],[Name]
           ,[Color]
           ,[ParentTagId]
           ,[IsTrainingGoal])
     VALUES (21, N'Rozehřátí', '#0989c2', 4, 0);
 INSERT INTO [dbo].[Tags]
           ([Id],[Name]
           ,[Color]
           ,[ParentTagId]
           ,[IsTrainingGoal])
     VALUES (22, N'Rozcvička', '#0989c2', 4, 0);
 INSERT INTO [dbo].[Tags]
           ([Id],[Name]
           ,[Color]
           ,[ParentTagId]
           ,[IsTrainingGoal])
     VALUES (23, N'Hlavní část', '#0989c2', 4, 0);
 INSERT INTO [dbo].[Tags]
           ([Id],[Name]
           ,[Color]
           ,[ParentTagId]
           ,[IsTrainingGoal])
     VALUES (24, N'Protahování', '#0989c2', 4, 0);
 INSERT INTO [dbo].[Tags]
           ([Id],[Name]
           ,[Color]
           ,[ParentTagId]
           ,[IsTrainingGoal])
     VALUES (25, N'Hra', '#d9980d', 5, 0);
 INSERT INTO [dbo].[Tags]
           ([Id],[Name]
           ,[Color]
           ,[ParentTagId]
           ,[IsTrainingGoal])
     VALUES (27, N'Test', '#d9980d', 5, 0);
 INSERT INTO [dbo].[Tags]
           ([Id],[Name]
           ,[Color]
           ,[ParentTagId]
           ,[IsTrainingGoal])
     VALUES (28, N'Štafeta', '#d9980d', 5, 0);
 INSERT INTO [dbo].[Tags]
           ([Id],[Name]
           ,[Color]
           ,[ParentTagId]
           ,[IsTrainingGoal])
     VALUES (29, N'Střelba', '#ffd254', 1, 1);
 INSERT INTO [dbo].[Tags]
           ([Id],[Name]
           ,[Color]
           ,[ParentTagId]
           ,[IsTrainingGoal])
     VALUES (30, N'Přihrávka', '#ffd254', 1, 1);
 INSERT INTO [dbo].[Tags]
           ([Id],[Name]
           ,[Color]
           ,[ParentTagId]
           ,[IsTrainingGoal])
     VALUES (31, N'Vedení míčku', '#ffd254', 1, 1);
 INSERT INTO [dbo].[Tags]
           ([Id],[Name]
           ,[Color]
           ,[ParentTagId]
           ,[IsTrainingGoal])
     VALUES (32, N'Ohebnost', '#17a258', 1, 1);
 INSERT INTO [dbo].[Tags]
           ([Id],[Name]
           ,[Color]
           ,[ParentTagId]
           ,[IsTrainingGoal])
     VALUES (33, N'Síla', '#17a258', 1, 1);
 INSERT INTO [dbo].[Tags]
           ([Id],[Name]
           ,[Color]
           ,[ParentTagId]
           ,[IsTrainingGoal])
     VALUES (34, N'Výbušnost', '#17a258', 1, 1);
 INSERT INTO [dbo].[Tags]
           ([Id],[Name]
           ,[Color]
           ,[ParentTagId]
           ,[IsTrainingGoal])
     VALUES (35, N'Uvolňování', '#ffd254', 1, 1);
 INSERT INTO [dbo].[Tags]
           ([Id],[Name]
           ,[Color]
           ,[ParentTagId]
           ,[IsTrainingGoal])
     VALUES (36, N'Rychlost', '#17a258', 1, 1);
 INSERT INTO [dbo].[Tags]
           ([Id],[Name]
           ,[Color]
           ,[ParentTagId]
           ,[IsTrainingGoal])
     VALUES (37, N'Herní myšlení', '#e6e9eb', 1, 1);
 INSERT INTO [dbo].[Tags]
           ([Id],[Name]
           ,[Color]
           ,[ParentTagId]
           ,[IsTrainingGoal])
     VALUES (38, N'Spolupráce v týmu', '#e6e9eb', 1, 1);
 INSERT INTO [dbo].[Tags]
           ([Id],[Name]
           ,[Color]
           ,[ParentTagId]
           ,[IsTrainingGoal])
     VALUES (39, N'Výzva', '#d9980d', 5, 0);
 INSERT INTO [dbo].[Tags]
           ([Id],[Name]
           ,[Color]
           ,[ParentTagId]
           ,[IsTrainingGoal])
     VALUES (40, N'Hokejový dribling', '#ffd254', 1, 1);
 INSERT INTO [dbo].[Tags]
           ([Id],[Name]
           ,[Color]
           ,[ParentTagId]
           ,[IsTrainingGoal])
     VALUES (41, N'Florbalový dribling', '#ffd254', 1, 1);
 INSERT INTO [dbo].[Tags]
           ([Id],[Name]
           ,[Color]
           ,[ParentTagId]
           ,[IsTrainingGoal])
     VALUES (42, N'Postřeh', '#858791', 1, 1);
 INSERT INTO [dbo].[Tags]
           ([Id],[Name]
           ,[Color]
           ,[ParentTagId]
           ,[IsTrainingGoal])
     VALUES (43, N'Zvednutá hlava', '#666666', 10, 0);
 INSERT INTO [dbo].[Tags]
           ([Id],[Name]
           ,[Color]
           ,[ParentTagId]
           ,[IsTrainingGoal])
     VALUES (44, N'Jeden dotek', '', null, 0);
 INSERT INTO [dbo].[Tags]
           ([Id],[Name]
           ,[Color]
           ,[ParentTagId]
           ,[IsTrainingGoal])
     VALUES (46, N'Nábor', '', 1, 1);
SET IDENTITY_INSERT [dbo].[Tags] OFF;
SET IDENTITY_INSERT [dbo].[Places] ON;
 INSERT INTO [dbo].[Places]
           ([Id],[Name]
           ,[Width]
           ,[Length]
           ,[Environment])
     VALUES
          (1, N'GMK', 17, 40, 1);
 INSERT INTO [dbo].[Places]
           ([Id],[Name]
           ,[Width]
           ,[Length]
           ,[Environment])
     VALUES
          (2, N'Komenda', 25, 60, 1);
 INSERT INTO [dbo].[Places]
           ([Id],[Name]
           ,[Width]
           ,[Length]
           ,[Environment])
     VALUES
          (3, N'TGM', 10, 20, 1);
 INSERT INTO [dbo].[Places]
           ([Id],[Name]
           ,[Width]
           ,[Length]
           ,[Environment])
     VALUES
          (4, N'Venkovní hřiště za Komendou', 20, 40, 2);
 INSERT INTO [dbo].[Places]
           ([Id],[Name]
           ,[Width]
           ,[Length]
           ,[Environment])
     VALUES
          (5, N'Domov', 3, 3, 1);
SET IDENTITY_INSERT [dbo].[Places] OFF;
SET IDENTITY_INSERT [dbo].[Equipments] ON;
 INSERT INTO [dbo].[Equipments] ([Id], [Name]) VALUES (1, N'Rozlišovací dresy');
 INSERT INTO [dbo].[Equipments] ([Id], [Name]) VALUES (2, N'Kužely');
 INSERT INTO [dbo].[Equipments] ([Id], [Name]) VALUES (3, N'Skočky');
 INSERT INTO [dbo].[Equipments] ([Id], [Name]) VALUES (4, N'Žebřík');
 INSERT INTO [dbo].[Equipments] ([Id], [Name]) VALUES (5, N'Švihadlo');
 INSERT INTO [dbo].[Equipments] ([Id], [Name]) VALUES (6, N'Fotbalový míč');
 INSERT INTO [dbo].[Equipments] ([Id], [Name]) VALUES (7, N'Florbalové míčky');
 INSERT INTO [dbo].[Equipments] ([Id], [Name]) VALUES (8, N'Florbalová branka');
 INSERT INTO [dbo].[Equipments] ([Id], [Name]) VALUES (9, N'Florbalky');
 INSERT INTO [dbo].[Equipments] ([Id], [Name]) VALUES (11, N'Molitanová tyč');
 INSERT INTO [dbo].[Equipments] ([Id], [Name]) VALUES (12, N'Míč');
 INSERT INTO [dbo].[Equipments] ([Id], [Name]) VALUES (13, N'Různé předměty');
 INSERT INTO [dbo].[Equipments] ([Id], [Name]) VALUES (14, N'Kluboučky');
 INSERT INTO [dbo].[Equipments] ([Id], [Name]) VALUES (15, N'Tyče do kuželů');
 INSERT INTO [dbo].[Equipments] ([Id], [Name]) VALUES (16, N'platová láhev s pitím');
SET IDENTITY_INSERT [dbo].[Equipments] OFF;
SET IDENTITY_INSERT [dbo].[AgeGroups] ON;
 INSERT INTO [dbo].[AgeGroups]
           ([Id],[Name]
           ,[Description]) VALUES (1, N'Kdokoliv', N'Kdokoliv');
 INSERT INTO [dbo].[AgeGroups]
           ([Id],[Name]
           ,[Description]) VALUES (7, N'U7', N'U7 - předpřípravka');
 INSERT INTO [dbo].[AgeGroups]
           ([Id],[Name]
           ,[Description]) VALUES (9, N'U9', N'U9 - přípravka');
 INSERT INTO [dbo].[AgeGroups]
           ([Id],[Name]
           ,[Description]) VALUES (11, N'U11', N'U11 - elévi');
 INSERT INTO [dbo].[AgeGroups]
           ([Id],[Name]
           ,[Description]) VALUES (13, N'U13', N'U13 - ml. žáci');
 INSERT INTO [dbo].[AgeGroups]
           ([Id],[Name]
           ,[Description]) VALUES (15, N'U15', N'U15 - st. žáci');
 INSERT INTO [dbo].[AgeGroups]
           ([Id],[Name]
           ,[Description]) VALUES (17, N'U17', N'U17 - dorost');
 INSERT INTO [dbo].[AgeGroups]
           ([Id],[Name]
           ,[Description]) VALUES (21, N'U21', N'U21 - junioři');
 INSERT INTO [dbo].[AgeGroups]
           ([Id],[Name]
           ,[Description]) VALUES (23, N'Dospeli', N'Dospělí');
SET IDENTITY_INSERT [dbo].[AgeGroups] OFF;
SET IDENTITY_INSERT [dbo].[Activities] ON;
 INSERT INTO [dbo].[Activities](
       [Id]
            ,[Name]
           ,[Description]
           ,[PersonsMin]
           ,[PersonsMax]
           ,[GoaliesMin]
           ,[GoaliesMax]
           ,[DurationMin]
           ,[DurationMax]
           ,[Intensity]
           ,[Difficulty]
           ,[PlaceWidth]
           ,[PlaceLength]
           ,[Environment]) VALUES (1, N'Dračí zápasy', N'Děti se rozdělí do dvou družstev, děti se drží za pas, první v řadě je hlava draka, poslední je ocas draka, družstva stojí asi 10 metrů od sebe, na povel se snaží hlava draka chytit ocas draka protihráče', 4, 30, 0, 0, 5, 10, 0, 0, 0, 10, 2);
 INSERT INTO [dbo].[Activities](
       [Id]
            ,[Name]
           ,[Description]
           ,[PersonsMin]
           ,[PersonsMax]
           ,[GoaliesMin]
           ,[GoaliesMax]
           ,[DurationMin]
           ,[DurationMax]
           ,[Intensity]
           ,[Difficulty]
           ,[PlaceWidth]
           ,[PlaceLength]
           ,[Environment]) VALUES (2, N'Čertovská honička', N'Čert má z rozlišováku připevněný ocas a snaží se všechny ostatní hráče polapit. Pokud někoho chytne, jde mimo hřiště.Hráči se snaží vzít čertovy ocas a osvobodit tak již chycené hráče. Po osvobození hráčů hra končí a stává se čertem hráč, který vzal čertovy ocas.', 5, 30, 0, 0, 5, 15, 1, 0, 1, 4, 0);
 INSERT INTO [dbo].[Activities](
       [Id]
            ,[Name]
           ,[Description]
           ,[PersonsMin]
           ,[PersonsMax]
           ,[GoaliesMin]
           ,[GoaliesMax]
           ,[DurationMin]
           ,[DurationMax]
           ,[Intensity]
           ,[Difficulty]
           ,[PlaceWidth]
           ,[PlaceLength]
           ,[Environment]) VALUES (3, N'Florbal 3x3', N'', 6, 12, 0, 0, 10, 20, 2, 2, 1, 1, 0);
 INSERT INTO [dbo].[Activities](
       [Id]
            ,[Name]
           ,[Description]
           ,[PersonsMin]
           ,[PersonsMax]
           ,[GoaliesMin]
           ,[GoaliesMax]
           ,[DurationMin]
           ,[DurationMax]
           ,[Intensity]
           ,[Difficulty]
           ,[PlaceWidth]
           ,[PlaceLength]
           ,[Environment]) VALUES (4, N'Na ovečky a vlky s florbalkou a míčkem', N'Všichni mají florbalky. Každá ovečka má míček. Vlk se postaví do základní pozice na druhé straně hřiště. Po zahájení hry se saží chytit ovečku tak, že ji vezme florbalově čistě míček. Nesmí se vracet ve směru pohybu. Ovečka, která přišla o míček se stává vlkem, Po chycení všech oveček hra končí.', 15, 30, 0, 0, 5, 15, 1, 0, 1, 1, 0);
 INSERT INTO [dbo].[Activities](
       [Id]
            ,[Name]
           ,[Description]
           ,[PersonsMin]
           ,[PersonsMax]
           ,[GoaliesMin]
           ,[GoaliesMax]
           ,[DurationMin]
           ,[DurationMax]
           ,[Intensity]
           ,[Difficulty]
           ,[PlaceWidth]
           ,[PlaceLength]
           ,[Environment]) VALUES (5, N'Florbal 1x1', N'', 2, 10, 0, 0, 5, 10, 2, 2, 1, 1, 0);
 INSERT INTO [dbo].[Activities](
       [Id]
            ,[Name]
           ,[Description]
           ,[PersonsMin]
           ,[PersonsMax]
           ,[GoaliesMin]
           ,[GoaliesMax]
           ,[DurationMin]
           ,[DurationMax]
           ,[Intensity]
           ,[Difficulty]
           ,[PlaceWidth]
           ,[PlaceLength]
           ,[Environment]) VALUES (6, N'Florbal 2x2', N'', 4, 10, 0, 0, 10, 20, 2, 2, 1, 1, 0);
 INSERT INTO [dbo].[Activities](
       [Id]
            ,[Name]
           ,[Description]
           ,[PersonsMin]
           ,[PersonsMax]
           ,[GoaliesMin]
           ,[GoaliesMax]
           ,[DurationMin]
           ,[DurationMax]
           ,[Intensity]
           ,[Difficulty]
           ,[PlaceWidth]
           ,[PlaceLength]
           ,[Environment]) VALUES (7, N'Florbal 5x5', N'', 10, 30, 0, 0, 10, 20, 2, 2, 1, 1, 0);
 INSERT INTO [dbo].[Activities](
       [Id]
            ,[Name]
           ,[Description]
           ,[PersonsMin]
           ,[PersonsMax]
           ,[GoaliesMin]
           ,[GoaliesMax]
           ,[DurationMin]
           ,[DurationMax]
           ,[Intensity]
           ,[Difficulty]
           ,[PlaceWidth]
           ,[PlaceLength]
           ,[Environment]) VALUES (20, N'Florbalový dribling v kruhu', N'Hráč si udělá z kloboučků kruh. Mezera mezi kloboučky alespoň 30 cm. Hráč stojí s míčkem uprostřed a postupně provádí florbalový dribling stále dokola.', 1, 30, 0, 0, 3, 10, 0, 0, 2, 2, 0);
 INSERT INTO [dbo].[Activities](
       [Id]
            ,[Name]
           ,[Description]
           ,[PersonsMin]
           ,[PersonsMax]
           ,[GoaliesMin]
           ,[GoaliesMax]
           ,[DurationMin]
           ,[DurationMax]
           ,[Intensity]
           ,[Difficulty]
           ,[PlaceWidth]
           ,[PlaceLength]
           ,[Environment]) VALUES (23, N'Míčkovaná', N'Hrací plochu rozdělíme na polovinu. Do každé poloviny se postaví jedno družstvo a 30 míčů (papírových koulí). Na povel trenéra začnou obě družstva házet míče ze své poloviny hrací plochy na polovinu soupeře. Hra končí po uplynutí časového limitu. Vyhrává to družstvo, které má na své polovině méně míčů.', 1, 30, 0, 0, 6, 10, 1, 1, 4, 10, 0);
 INSERT INTO [dbo].[Activities](
       [Id]
            ,[Name]
           ,[Description]
           ,[PersonsMin]
           ,[PersonsMax]
           ,[GoaliesMin]
           ,[GoaliesMax]
           ,[DurationMin]
           ,[DurationMax]
           ,[Intensity]
           ,[Difficulty]
           ,[PlaceWidth]
           ,[PlaceLength]
           ,[Environment]) VALUES (26, N'Bago pro 3', N'Bago pro 3. Dva hráči si nahrávají. Třetí hráč se snaží míček získat. Když jej získá, hráč, který měl jako poslední míček se stává třetím.', 3, 30, 0, 0, 5, 10, 1, 0, 5, 5, 0);
 INSERT INTO [dbo].[Activities](
       [Id]
            ,[Name]
           ,[Description]
           ,[PersonsMin]
           ,[PersonsMax]
           ,[GoaliesMin]
           ,[GoaliesMax]
           ,[DurationMin]
           ,[DurationMax]
           ,[Intensity]
           ,[Difficulty]
           ,[PlaceWidth]
           ,[PlaceLength]
           ,[Environment]) VALUES (28, N'Souboj o vajíčka', N'Hráči rozdělení do 4 týmů. Každý tým má své hnízdo v rohu čtverce. Uprostřed je líheň, ve které jsou míčky. Hráči na povel začnou po jednom z každého družstva běhat pro 1 vajíčko a donáší jej do svého hnízda. Varianta: Mohou brát všíchni i z hnízd soupeřů. Hra pak musí být na čas.', 12, 24, 0, 0, 4, 15, 1, 0, 8, 8, 0);
 INSERT INTO [dbo].[Activities](
       [Id]
            ,[Name]
           ,[Description]
           ,[PersonsMin]
           ,[PersonsMax]
           ,[GoaliesMin]
           ,[GoaliesMax]
           ,[DurationMin]
           ,[DurationMax]
           ,[Intensity]
           ,[Difficulty]
           ,[PlaceWidth]
           ,[PlaceLength]
           ,[Environment]) VALUES (40, N'Dynamická rozcvička', N'', 1, 30, 0, 0, 4, 10, 1, 0, 2, 4, 0);
 INSERT INTO [dbo].[Activities](
       [Id]
            ,[Name]
           ,[Description]
           ,[PersonsMin]
           ,[PersonsMax]
           ,[GoaliesMin]
           ,[GoaliesMax]
           ,[DurationMin]
           ,[DurationMax]
           ,[Intensity]
           ,[Difficulty]
           ,[PlaceWidth]
           ,[PlaceLength]
           ,[Environment]) VALUES (41, N'Přihrávky na místě ve dvojici', N'Dvojice stojí přibližně 5metrů od sebe a přihrávají si míček. Dbáme na správný postoj i položení hole. ', 2, 2, 0, 0, 2, 10, 1, 0, 2, 5, 0);
 INSERT INTO [dbo].[Activities](
       [Id]
            ,[Name]
           ,[Description]
           ,[PersonsMin]
           ,[PersonsMax]
           ,[GoaliesMin]
           ,[GoaliesMax]
           ,[DurationMin]
           ,[DurationMax]
           ,[Intensity]
           ,[Difficulty]
           ,[PlaceWidth]
           ,[PlaceLength]
           ,[Environment]) VALUES (42, N'Dej 10 přihrávek', N'Vždy 2 týmy po 2-5 hráčích bojují mezi seboiu o míček, přičemž se znaží udělat 10 přihrávek bez přerušení. Když tým A udělá 10 přihrávek, tým B dělá předem stanovený trestný úkol. Přerušení může být dotyk míčku spoluhráče, míček vez z h hřiště a pod.', 4, 30, 0, 0, 4, 10, 1, 0, 6, 6, 0);
 INSERT INTO [dbo].[Activities](
       [Id]
            ,[Name]
           ,[Description]
           ,[PersonsMin]
           ,[PersonsMax]
           ,[GoaliesMin]
           ,[GoaliesMax]
           ,[DurationMin]
           ,[DurationMax]
           ,[Intensity]
           ,[Difficulty]
           ,[PlaceWidth]
           ,[PlaceLength]
           ,[Environment]) VALUES (43, N'Kam nahraješ, tam jdeš', N'', 3, 20, 0, 0, 6, 15, 1, 0, 3, 6, 0);
 INSERT INTO [dbo].[Activities](
       [Id]
            ,[Name]
           ,[Description]
           ,[PersonsMin]
           ,[PersonsMax]
           ,[GoaliesMin]
           ,[GoaliesMax]
           ,[DurationMin]
           ,[DurationMax]
           ,[Intensity]
           ,[Difficulty]
           ,[PlaceWidth]
           ,[PlaceLength]
           ,[Environment]) VALUES (44, N'Přihrávky v kruhu', N'Hráči stojí v kruhu. Mezera mezi hráči je alespoň 3 metry. Přihrávky se provádí po obvodu kruhu. ', 3, 20, 0, 0, 5, 10, 1, 0, 10, 5, 0);
 INSERT INTO [dbo].[Activities](
       [Id]
            ,[Name]
           ,[Description]
           ,[PersonsMin]
           ,[PersonsMax]
           ,[GoaliesMin]
           ,[GoaliesMax]
           ,[DurationMin]
           ,[DurationMax]
           ,[Intensity]
           ,[Difficulty]
           ,[PlaceWidth]
           ,[PlaceLength]
           ,[Environment]) VALUES (45, N'Týdenní výzva', N'', 1, 30, 0, 0, 2, 10, 1, 0, 2, 2, 0);
 INSERT INTO [dbo].[Activities](
       [Id]
            ,[Name]
           ,[Description]
           ,[PersonsMin]
           ,[PersonsMax]
           ,[GoaliesMin]
           ,[GoaliesMax]
           ,[DurationMin]
           ,[DurationMax]
           ,[Intensity]
           ,[Difficulty]
           ,[PlaceWidth]
           ,[PlaceLength]
           ,[Environment]) VALUES (46, N'Chobotnice', N'Chobotnice má molitanovou tyč, kterou si hlídá poklady (různé předměty kolem sebe). Ostatní hráči se snaží ukořistit poklad, aniž by byli zasaženi molitanovou tyčí. Pokud jsou zasaženi, musí vrátit poklad a splnit trest (oběhnout hřiště, udělat 5 dřepů a pod.)', 0, 18, 0, 0, 0, 16, 1, 0, 6, 6, 0);
 INSERT INTO [dbo].[Activities](
       [Id]
            ,[Name]
           ,[Description]
           ,[PersonsMin]
           ,[PersonsMax]
           ,[GoaliesMin]
           ,[GoaliesMax]
           ,[DurationMin]
           ,[DurationMax]
           ,[Intensity]
           ,[Difficulty]
           ,[PlaceWidth]
           ,[PlaceLength]
           ,[Environment]) VALUES (47, N'Štafety - přihrávky', N'Štafetové závody, kde se znažíme vždy štafetu předat přihrávkou míče', 8, 20, 0, 0, 10, 15, 1, 0, 10, 10, 0);
 INSERT INTO [dbo].[Activities](
       [Id]
            ,[Name]
           ,[Description]
           ,[PersonsMin]
           ,[PersonsMax]
           ,[GoaliesMin]
           ,[GoaliesMax]
           ,[DurationMin]
           ,[DurationMax]
           ,[Intensity]
           ,[Difficulty]
           ,[PlaceWidth]
           ,[PlaceLength]
           ,[Environment]) VALUES (48, N'Švédský čtverec', N'Kužele rozmístěné do čtverce. Hráči si přihrávají v jednom směru jeden míček. Pokud jsou již přihrávky plynulé, můžeme přidat další míček.', 4, 30, 0, 0, 5, 10, 1, 0, 5, 5, 0);
 INSERT INTO [dbo].[Activities](
       [Id]
            ,[Name]
           ,[Description]
           ,[PersonsMin]
           ,[PersonsMax]
           ,[GoaliesMin]
           ,[GoaliesMax]
           ,[DurationMin]
           ,[DurationMax]
           ,[Intensity]
           ,[Difficulty]
           ,[PlaceWidth]
           ,[PlaceLength]
           ,[Environment]) VALUES (49, N'Brankářská rozcvička', N'', 1, 1, 0, 0, 3, 5, 1, 0, 2, 2, 0);
 INSERT INTO [dbo].[Activities](
       [Id]
            ,[Name]
           ,[Description]
           ,[PersonsMin]
           ,[PersonsMax]
           ,[GoaliesMin]
           ,[GoaliesMax]
           ,[DurationMin]
           ,[DurationMax]
           ,[Intensity]
           ,[Difficulty]
           ,[PlaceWidth]
           ,[PlaceLength]
           ,[Environment]) VALUES (50, N'Výhozy na cíl', N'Brankář se snaží rozehrát výhozem na různě rozmístěné kužely', 1, 3, 0, 0, 3, 10, 1, 0, 4, 8, 0);
 INSERT INTO [dbo].[Activities](
       [Id]
            ,[Name]
           ,[Description]
           ,[PersonsMin]
           ,[PersonsMax]
           ,[GoaliesMin]
           ,[GoaliesMax]
           ,[DurationMin]
           ,[DurationMax]
           ,[Intensity]
           ,[Difficulty]
           ,[PlaceWidth]
           ,[PlaceLength]
           ,[Environment]) VALUES (51, N'Přesuny podél hřiště', N'', 1, 5, 0, 0, 4, 10, 1, 1, 2, 8, 0);
 INSERT INTO [dbo].[Activities](
       [Id]
            ,[Name]
           ,[Description]
           ,[PersonsMin]
           ,[PersonsMax]
           ,[GoaliesMin]
           ,[GoaliesMax]
           ,[DurationMin]
           ,[DurationMax]
           ,[Intensity]
           ,[Difficulty]
           ,[PlaceWidth]
           ,[PlaceLength]
           ,[Environment]) VALUES (52, N'Vybíjená', N'', 6, 30, 0, 0, 5, 15, 1, 0, 8, 8, 0);
 INSERT INTO [dbo].[Activities](
       [Id]
            ,[Name]
           ,[Description]
           ,[PersonsMin]
           ,[PersonsMax]
           ,[GoaliesMin]
           ,[GoaliesMax]
           ,[DurationMin]
           ,[DurationMax]
           ,[Intensity]
           ,[Difficulty]
           ,[PlaceWidth]
           ,[PlaceLength]
           ,[Environment]) VALUES (53, N'Přeskoky přes švihadlo', N'', 1, 30, 0, 0, 4, 30, 1, 1, 2, 2, 0);
 INSERT INTO [dbo].[Activities](
       [Id]
            ,[Name]
           ,[Description]
           ,[PersonsMin]
           ,[PersonsMax]
           ,[GoaliesMin]
           ,[GoaliesMax]
           ,[DurationMin]
           ,[DurationMax]
           ,[Intensity]
           ,[Difficulty]
           ,[PlaceWidth]
           ,[PlaceLength]
           ,[Environment]) VALUES (54, N'Honička po čtyřech', N'', 4, 30, 0, 0, 4, 10, 1, 1, 8, 8, 0);
 INSERT INTO [dbo].[Activities](
       [Id]
            ,[Name]
           ,[Description]
           ,[PersonsMin]
           ,[PersonsMax]
           ,[GoaliesMin]
           ,[GoaliesMax]
           ,[DurationMin]
           ,[DurationMax]
           ,[Intensity]
           ,[Difficulty]
           ,[PlaceWidth]
           ,[PlaceLength]
           ,[Environment]) VALUES (55, N'Bořiči a stavitelé', N'', 8, 30, 0, 0, 5, 10, 1, 0, 8, 8, 0);
 INSERT INTO [dbo].[Activities](
       [Id]
            ,[Name]
           ,[Description]
           ,[PersonsMin]
           ,[PersonsMax]
           ,[GoaliesMin]
           ,[GoaliesMax]
           ,[DurationMin]
           ,[DurationMax]
           ,[Intensity]
           ,[Difficulty]
           ,[PlaceWidth]
           ,[PlaceLength]
           ,[Environment]) VALUES (56, N'Srážení láhve', N'Hráči stojí 4 až 6 metrů daleko proti sobě a oba mají před sebou postavenou láhev s pitím. Oba mají míčky a snaží se shodit protihráčovu láhev. Pokud se jim to povede mají bod. Po uplynutí staboveného času vyhrává ten, který má více bodů.', 2, 2, 0, 0, 4, 10, 1, 0, 0, 0, 0);
 INSERT INTO [dbo].[Activities](
       [Id]
            ,[Name]
           ,[Description]
           ,[PersonsMin]
           ,[PersonsMax]
           ,[GoaliesMin]
           ,[GoaliesMax]
           ,[DurationMin]
           ,[DurationMax]
           ,[Intensity]
           ,[Difficulty]
           ,[PlaceWidth]
           ,[PlaceLength]
           ,[Environment]) VALUES (57, N'Nahrávka z rohu pak souboj', N'Hra 1 na 1 popř. 2 na 2 kdy zahájení je z rohu tak, že nahraji protihráči a hned se snažím bránit útok. Při variantě s více hráči musí být přihrávka', 4, 4, 0, 0, 4, 10, 1, 0, 6, 6, 0);
 INSERT INTO [dbo].[Activities](
       [Id]
            ,[Name]
           ,[Description]
           ,[PersonsMin]
           ,[PersonsMax]
           ,[GoaliesMin]
           ,[GoaliesMax]
           ,[DurationMin]
           ,[DurationMax]
           ,[Intensity]
           ,[Difficulty]
           ,[PlaceWidth]
           ,[PlaceLength]
           ,[Environment]) VALUES (58, N'Střelba ze střední vzdálenosti s přihrávkou', N'Hráč střílí na branku ze střední vzdálenosti po předchozí přihrávce!', 2, 6, 0, 0, 4, 20, 1, 0, 0, 0, 0);
 INSERT INTO [dbo].[Activities](
       [Id]
            ,[Name]
           ,[Description]
           ,[PersonsMin]
           ,[PersonsMax]
           ,[GoaliesMin]
           ,[GoaliesMax]
           ,[DurationMin]
           ,[DurationMax]
           ,[Intensity]
           ,[Difficulty]
           ,[PlaceWidth]
           ,[PlaceLength]
           ,[Environment]) VALUES (59, N'Dřepy + kliky + sklapovačky', N'', 1, 30, 0, 0, 4, 30, 1, 1, 2, 2, 0);
 INSERT INTO [dbo].[Activities](
       [Id]
            ,[Name]
           ,[Description]
           ,[PersonsMin]
           ,[PersonsMax]
           ,[GoaliesMin]
           ,[GoaliesMax]
           ,[DurationMin]
           ,[DurationMax]
           ,[Intensity]
           ,[Difficulty]
           ,[PlaceWidth]
           ,[PlaceLength]
           ,[Environment]) VALUES (60, N'Útok zpoza branky', N'Hráč A nahraje hráči B za branku. Hráč B se buď pokusí sám zakončit zpoza branky nebo nahraje hráči A. Brankář se snaží celou odbu číst situaci a správně reagovat.', 3, 5, 0, 0, 4, 10, 1, 1, 0, 0, 0);
 INSERT INTO [dbo].[Activities](
       [Id]
            ,[Name]
           ,[Description]
           ,[PersonsMin]
           ,[PersonsMax]
           ,[GoaliesMin]
           ,[GoaliesMax]
           ,[DurationMin]
           ,[DurationMax]
           ,[Intensity]
           ,[Difficulty]
           ,[PlaceWidth]
           ,[PlaceLength]
           ,[Environment]) VALUES (61, N'Honička Kho Kho', N'Všichni dřepí v rozestupech vedle sebe s rozestupem aspoň 2 metry kromě chytače a chytaného. Chytač začne chytat chytaného. Pokud jeden z nich nemůže, vymění se s někým, kdo dřepí. ', 6, 20, 0, 0, 4, 10, 1, 0, 5, 10, 0);
 INSERT INTO [dbo].[Activities](
       [Id]
            ,[Name]
           ,[Description]
           ,[PersonsMin]
           ,[PersonsMax]
           ,[GoaliesMin]
           ,[GoaliesMax]
           ,[DurationMin]
           ,[DurationMax]
           ,[Intensity]
           ,[Difficulty]
           ,[PlaceWidth]
           ,[PlaceLength]
           ,[Environment]) VALUES (62, N'Bago 2+2+2', N'3 dvojice barevně odlišené rozlišováky. Vždy 2 dvojice si přihrávají. Zbývající dvojice se snaží získat míček. Pokud se jim to podaří, pak přihrávající si dvojice, jejíž člen ztratil míček si vymění role s dvojicí, která se snažila míček získat.', 6, 6, 0, 0, 6, 10, 1, 1, 4, 4, 0);
 INSERT INTO [dbo].[Activities](
       [Id]
            ,[Name]
           ,[Description]
           ,[PersonsMin]
           ,[PersonsMax]
           ,[GoaliesMin]
           ,[GoaliesMax]
           ,[DurationMin]
           ,[DurationMax]
           ,[Intensity]
           ,[Difficulty]
           ,[PlaceWidth]
           ,[PlaceLength]
           ,[Environment]) VALUES (63, N'Přihrávky se zakončením', N'2 hráči (jeden čelem a druhý zády k brance) si ve střední vzdálenosti od branky přihrávají, přičemž mají mezi sebou čtverec z kloboučků. Po dohodnotém počtu přihrávek hráč ččelem k brance zakončuje střelou. ', 3, 3, 0, 0, 5, 15, 1, 0, 4, 6, 0);
 INSERT INTO [dbo].[Activities](
       [Id]
            ,[Name]
           ,[Description]
           ,[PersonsMin]
           ,[PersonsMax]
           ,[GoaliesMin]
           ,[GoaliesMax]
           ,[DurationMin]
           ,[DurationMax]
           ,[Intensity]
           ,[Difficulty]
           ,[PlaceWidth]
           ,[PlaceLength]
           ,[Environment]) VALUES (64, N'Zahazovaná', N'Jeden hráč háže míčky z vaku do hřiště a ostatní hráči míčky chytají nebo sbírají a nosí co nejrychleji zpět do vaku. Hraje se na interval 1 minuty. Spočítají se míčky v poli. Vyhazovači se střídají a pak se vyhlásí vítěz s největším počtem míčků v poli po ukončení časového limitu', 8, 30, 0, 0, 5, 10, 1, 0, 4, 8, 0);
 INSERT INTO [dbo].[Activities](
       [Id]
            ,[Name]
           ,[Description]
           ,[PersonsMin]
           ,[PersonsMax]
           ,[GoaliesMin]
           ,[GoaliesMax]
           ,[DurationMin]
           ,[DurationMax]
           ,[Intensity]
           ,[Difficulty]
           ,[PlaceWidth]
           ,[PlaceLength]
           ,[Environment]) VALUES (65, N'Kámen-nůžky-papír-uteč', N'Hráči rozděleni do dvojic na středové čáře.Hrají kámen-nůžky-papír. Kdo vyhraje, tak se snaží útéct ke své základní čáře za sebou. Kdo prohrál, tak se jej snaží chytit.', 8, 30, 0, 0, 0, 10, 1, 0, 6, 6, 0);
 INSERT INTO [dbo].[Activities](
       [Id]
            ,[Name]
           ,[Description]
           ,[PersonsMin]
           ,[PersonsMax]
           ,[GoaliesMin]
           ,[GoaliesMax]
           ,[DurationMin]
           ,[DurationMax]
           ,[Intensity]
           ,[Difficulty]
           ,[PlaceWidth]
           ,[PlaceLength]
           ,[Environment]) VALUES (66, N'1v1 -  2v1 - 3v2', N'3 útočníci, 2 obránci barevně odlišeni rozslišovákama
Provádíme útoky se zakončením na branku co nejrychleji v tomto sledu (utočník : obránce) 1:1, 2:1, 3:2. Měníme začínající hráče jak v útoku tak i v obraně. ', 5, 6, 0, 0, 10, 20, 1, 1, 6, 6, 0);
 INSERT INTO [dbo].[Activities](
       [Id]
            ,[Name]
           ,[Description]
           ,[PersonsMin]
           ,[PersonsMax]
           ,[GoaliesMin]
           ,[GoaliesMax]
           ,[DurationMin]
           ,[DurationMax]
           ,[Intensity]
           ,[Difficulty]
           ,[PlaceWidth]
           ,[PlaceLength]
           ,[Environment]) VALUES (67, N'Šnečí závod', N'Hráče rozdělíme do týmů alespoň po dvou. Před každým týmem jsou dva kloboučky za sebou. První klobouček každého týmu je na čáře, přičemž kloubočky všech týmů jsou na stejné čáře. Stanovíme si úkoly např. 10 dřepů, 10 kliků, 10 sklapovaček. Můžeme i různé jejich kombinace. Na povel začnou dělat všichni jednotlivé cviky. Po splnění daného počtu může každý hráč dát zadní klobouček před předni klobouček tak, aby se jej dotýkal. Postupně se tak budou kloboučky posouvat dopředu. Buď opakujeme cviky do té doby, než všechny týmy dostanou své kloboučky za vyznačenou metu, nebo cviky provádím po stanoveného časového limitu a vítěz pak bute ten tým, který má své kloboučky dále', 6, 30, 0, 0, 10, 15, 1, 1, 4, 6, 0);
 INSERT INTO [dbo].[Activities](
       [Id]
            ,[Name]
           ,[Description]
           ,[PersonsMin]
           ,[PersonsMax]
           ,[GoaliesMin]
           ,[GoaliesMax]
           ,[DurationMin]
           ,[DurationMax]
           ,[Intensity]
           ,[Difficulty]
           ,[PlaceWidth]
           ,[PlaceLength]
           ,[Environment]) VALUES (68, N'Rozchytání brankáře', N'', 6, 30, 0, 0, 0, 10, 1, 0, 0, 0, 0);
 INSERT INTO [dbo].[Activities](
       [Id]
            ,[Name]
           ,[Description]
           ,[PersonsMin]
           ,[PersonsMax]
           ,[GoaliesMin]
           ,[GoaliesMax]
           ,[DurationMin]
           ,[DurationMax]
           ,[Intensity]
           ,[Difficulty]
           ,[PlaceWidth]
           ,[PlaceLength]
           ,[Environment]) VALUES (69, N'Přihrávky ve 3 se zakončením (6 přihrávek)', N'Levé křídlo (L), pravé křídlo (P), střed vzadu (SZ). Přihrávky v tomto sledu L - SZ - L - P - SZ - P = G', 3, 3, 0, 0, 5, 10, 1, 0, 6, 6, 0);
 INSERT INTO [dbo].[Activities](
       [Id]
            ,[Name]
           ,[Description]
           ,[PersonsMin]
           ,[PersonsMax]
           ,[GoaliesMin]
           ,[GoaliesMax]
           ,[DurationMin]
           ,[DurationMax]
           ,[Intensity]
           ,[Difficulty]
           ,[PlaceWidth]
           ,[PlaceLength]
           ,[Environment]) VALUES (70, N'Kam nahraješ tam jdeš v kruhu', N'Hráči stojí v kruhu s rozestupem aspoň 3 metry. Nahrávají si tak, že když vyšlou přihrávku, tak ihned běží na to místo, kam vyslali přihrávku. Tím dojde k promíchání hráčů', 5, 10, 0, 0, 5, 10, 1, 0, 8, 8, 0);
 INSERT INTO [dbo].[Activities](
       [Id]
            ,[Name]
           ,[Description]
           ,[PersonsMin]
           ,[PersonsMax]
           ,[GoaliesMin]
           ,[GoaliesMax]
           ,[DurationMin]
           ,[DurationMax]
           ,[Intensity]
           ,[Difficulty]
           ,[PlaceWidth]
           ,[PlaceLength]
           ,[Environment]) VALUES (71, N'Kam nahraješ tam jdeš s naražením', N'Hráči stojí v kruhu s rozestupem aspoň 3 metry. Nahrávají si tak, že když vyšlou přihrávku, tak ihned běží na to místo, kam vyslali přihrávku, ale ještě po cestě si narazí s tím hráčem, kterému poslali přihrávku.', 5, 10, 0, 0, 5, 10, 1, 0, 8, 8, 0);
 INSERT INTO [dbo].[Activities](
       [Id]
            ,[Name]
           ,[Description]
           ,[PersonsMin]
           ,[PersonsMax]
           ,[GoaliesMin]
           ,[GoaliesMax]
           ,[DurationMin]
           ,[DurationMax]
           ,[Intensity]
           ,[Difficulty]
           ,[PlaceWidth]
           ,[PlaceLength]
           ,[Environment]) VALUES (72, N'Štafeta - agility + střelba', N'Ve štafetě nejprve provádíme přes žebříky stanovené úkoly přičemž máme v ruce láhev s pitím. Po průchodu žebříku si u vyznačené mety položíme laháv s vyměníme ji za 1 míček,  a běžíme s ním zpět.  Když mají všichni hráči ve štafetě své míčky, můžeme přejít ke střelbě na láhve. Je jedno zda postupně či všichni najednou. Každý střílí jen jendou. Tým, který má nejméně stojících lahví vyhrává.

Variace: pokud hráč mine při střelbě, může si jít pro míček, ale musí opět projít žebříkem. ', 8, 30, 0, 0, 6, 10, 1, 1, 10, 10, 0);
 INSERT INTO [dbo].[Activities](
       [Id]
            ,[Name]
           ,[Description]
           ,[PersonsMin]
           ,[PersonsMax]
           ,[GoaliesMin]
           ,[GoaliesMax]
           ,[DurationMin]
           ,[DurationMax]
           ,[Intensity]
           ,[Difficulty]
           ,[PlaceWidth]
           ,[PlaceLength]
           ,[Environment]) VALUES (73, N'Štafety', N'', 10, 30, 0, 0, 10, 20, 1, 0, 10, 10, 0);
 INSERT INTO [dbo].[Activities](
       [Id]
            ,[Name]
           ,[Description]
           ,[PersonsMin]
           ,[PersonsMax]
           ,[GoaliesMin]
           ,[GoaliesMax]
           ,[DurationMin]
           ,[DurationMax]
           ,[Intensity]
           ,[Difficulty]
           ,[PlaceWidth]
           ,[PlaceLength]
           ,[Environment]) VALUES (74, N'1 v 2 ', N'Hráč A zakončuje na branku a hned se snaží brání útok hráčů  B a C', 3, 3, 0, 0, 5, 10, 1, 0, 8, 8, 0);
 INSERT INTO [dbo].[Activities](
       [Id]
            ,[Name]
           ,[Description]
           ,[PersonsMin]
           ,[PersonsMax]
           ,[GoaliesMin]
           ,[GoaliesMax]
           ,[DurationMin]
           ,[DurationMax]
           ,[Intensity]
           ,[Difficulty]
           ,[PlaceWidth]
           ,[PlaceLength]
           ,[Environment]) VALUES (75, N'1 v1 s brankářem', N'2 hráči hrají 1 proti 1 se zakončením na branku s brankářem', 2, 3, 0, 0, 4, 10, 1, 1, 0, 0, 0);
 INSERT INTO [dbo].[Activities](
       [Id]
            ,[Name]
           ,[Description]
           ,[PersonsMin]
           ,[PersonsMax]
           ,[GoaliesMin]
           ,[GoaliesMax]
           ,[DurationMin]
           ,[DurationMax]
           ,[Intensity]
           ,[Difficulty]
           ,[PlaceWidth]
           ,[PlaceLength]
           ,[Environment]) VALUES (76, N'2 v 2 na 4 branky', N'hra 2 v 2 kdy se dvojice neustále  snaží získat míček a proběhnout brankou', 4, 4, 0, 0, 3, 10, 1, 1, 8, 8, 0);
 INSERT INTO [dbo].[Activities](
       [Id]
            ,[Name]
           ,[Description]
           ,[PersonsMin]
           ,[PersonsMax]
           ,[GoaliesMin]
           ,[GoaliesMax]
           ,[DurationMin]
           ,[DurationMax]
           ,[Intensity]
           ,[Difficulty]
           ,[PlaceWidth]
           ,[PlaceLength]
           ,[Environment]) VALUES (77, N'Sedací baba', N'Dva honiči označení rozlišovákem se střídají dle libosti v nahánění ostatních, ale vždy jeden z nich musí sedět na zemi. Lze využít vystřídání k taktice nahánění. Ostatní pokud jsou chyceni odběhnout do zámezí, kde si splní předem stanovený úkol.', 6, 30, 0, 0, 4, 10, 1, 0, 10, 10, 0);
 INSERT INTO [dbo].[Activities](
       [Id]
            ,[Name]
           ,[Description]
           ,[PersonsMin]
           ,[PersonsMax]
           ,[GoaliesMin]
           ,[GoaliesMax]
           ,[DurationMin]
           ,[DurationMax]
           ,[Intensity]
           ,[Difficulty]
           ,[PlaceWidth]
           ,[PlaceLength]
           ,[Environment]) VALUES (78, N'Minové pole se zakončením', N'', 1, 30, 0, 0, 4, 10, 1, 0, 6, 6, 0);
 INSERT INTO [dbo].[Activities](
       [Id]
            ,[Name]
           ,[Description]
           ,[PersonsMin]
           ,[PersonsMax]
           ,[GoaliesMin]
           ,[GoaliesMax]
           ,[DurationMin]
           ,[DurationMax]
           ,[Intensity]
           ,[Difficulty]
           ,[PlaceWidth]
           ,[PlaceLength]
           ,[Environment]) VALUES (79, N'Střelba na cíl', N'Na branku i v jejím okolí rozmístíme různé předměty a hráč musí střelit míček na předem stanovený cíl. Čím vícekrát zasáhne tím lépe.', 1, 30, 0, 0, 4, 10, 1, 0, 3, 5, 0);
 INSERT INTO [dbo].[Activities](
       [Id]
            ,[Name]
           ,[Description]
           ,[PersonsMin]
           ,[PersonsMax]
           ,[GoaliesMin]
           ,[GoaliesMax]
           ,[DurationMin]
           ,[DurationMax]
           ,[Intensity]
           ,[Difficulty]
           ,[PlaceWidth]
           ,[PlaceLength]
           ,[Environment]) VALUES (80, N'Rozcvička s míčkem (ve dvojicích)', N'Všichni mají svůj míček a kolem hřiště provádíme různé cviky. Např. v mírném poklusu - vyhození a chycení, dribling o zem (oběma rukama), 
předání si míčku z ruky do ruky 
- pod nataženou nohou ve vzduchu
- u kotníků při natažené noze

ve dvojici při poklusu 
házení si vzduchem běží bokem - po jednom kole si vymění pozice
odrazem o zem - po jednom kole si vymění pozice
oba hledí kupředu, zadní hodí míček před předního a ten musí míček chytit a zároveň zadní se přemístí dopředu - střídají se tak v rolích

ve dvojici zády k sobě s nataženýma rukama
- pod nohama a nad hlavou
- bokem
- jednou rukou předám nad hlavou', 2, 30, 0, 0, 8, 12, 1, 0, 10, 10, 0);
 INSERT INTO [dbo].[Activities](
       [Id]
            ,[Name]
           ,[Description]
           ,[PersonsMin]
           ,[PersonsMax]
           ,[GoaliesMin]
           ,[GoaliesMax]
           ,[DurationMin]
           ,[DurationMax]
           ,[Intensity]
           ,[Difficulty]
           ,[PlaceWidth]
           ,[PlaceLength]
           ,[Environment]) VALUES (81, N'Sedavá baba s florbalkou a míčkem', N'Každý hráč má florbalku a míček a snaží vést míček tak, ať jej jeden z chytačů nedostihne. Dva chytači označení rozlišovákem se střídají dle libosti v nahánění ostatních, ale vždy jeden z nich musí sedět na zemi. Lze využít vystřídání k taktice nahánění. Ostatní pokud jsou chyceni odběhnout do zámezí, kde si splní předem stanovený úkol.', 8, 30, 0, 0, 7, 10, 1, 0, 10, 10, 0);
 INSERT INTO [dbo].[Activities](
       [Id]
            ,[Name]
           ,[Description]
           ,[PersonsMin]
           ,[PersonsMax]
           ,[GoaliesMin]
           ,[GoaliesMax]
           ,[DurationMin]
           ,[DurationMax]
           ,[Intensity]
           ,[Difficulty]
           ,[PlaceWidth]
           ,[PlaceLength]
           ,[Environment]) VALUES (82, N'Překážková dráha se zakončením', N'Trasa s překážkama se zakončením
-slalom kolem velkých kuželů
-florbalový dribling
-otočka kolem velkého kužele
- široký slalom s tělem uprostřed - kolem kloboučků jde jenom míček
- přehodit lavičku
- minové pole', 6, 30, 0, 0, 10, 20, 1, 0, 20, 10, 0);
 INSERT INTO [dbo].[Activities](
       [Id]
            ,[Name]
           ,[Description]
           ,[PersonsMin]
           ,[PersonsMax]
           ,[GoaliesMin]
           ,[GoaliesMax]
           ,[DurationMin]
           ,[DurationMax]
           ,[Intensity]
           ,[Difficulty]
           ,[PlaceWidth]
           ,[PlaceLength]
           ,[Environment]) VALUES (83, N'Tabata - 1 kolo - 8 cviků- 20s. + 10sec. pauza ', N'Tabata - 1 kolo - 8 cviků- 20s. + 10sec. pauza', 1, 30, 0, 0, 4, 5, 1, 0, 2, 2, 0);
 INSERT INTO [dbo].[Activities](
       [Id]
            ,[Name]
           ,[Description]
           ,[PersonsMin]
           ,[PersonsMax]
           ,[GoaliesMin]
           ,[GoaliesMax]
           ,[DurationMin]
           ,[DurationMax]
           ,[Intensity]
           ,[Difficulty]
           ,[PlaceWidth]
           ,[PlaceLength]
           ,[Environment]) VALUES (85, N'Rozehrávka z rohu I', N'3 hráči + gólman

Hráč A nahraje za branku hráči B, který přenese hru na druhou stranu hráči C, který zakončuje střelou z první na bránu s gólmanem', 4, 15, 0, 0, 10, 15, 1, 0, 0, 0, 0);
 INSERT INTO [dbo].[Activities](
       [Id]
            ,[Name]
           ,[Description]
           ,[PersonsMin]
           ,[PersonsMax]
           ,[GoaliesMin]
           ,[GoaliesMax]
           ,[DurationMin]
           ,[DurationMax]
           ,[Intensity]
           ,[Difficulty]
           ,[PlaceWidth]
           ,[PlaceLength]
           ,[Environment]) VALUES (86, N'Týmová vybíjená', N'Hrajeme vybíjenou, kdy rozdělíme hráče do týmů po 2-4 hráčích. Před střelbou si musí hráči přihrát domluvený počet přihrávek. Pokud je hráč vybit. Dělá trest celý tým (5 dřepů, 10 panáků a pod.)', 10, 30, 0, 0, 10, 15, 1, 0, 0, 0, 0);
 INSERT INTO [dbo].[Activities](
       [Id]
            ,[Name]
           ,[Description]
           ,[PersonsMin]
           ,[PersonsMax]
           ,[GoaliesMin]
           ,[GoaliesMax]
           ,[DurationMin]
           ,[DurationMax]
           ,[Intensity]
           ,[Difficulty]
           ,[PlaceWidth]
           ,[PlaceLength]
           ,[Environment]) VALUES (87, N' Florbal 2x2 branky uprostřed zády k sobě', N'', 6, 20, 0, 0, 0, 25, 1, 0, 0, 0, 0);
 INSERT INTO [dbo].[Activities](
       [Id]
            ,[Name]
           ,[Description]
           ,[PersonsMin]
           ,[PersonsMax]
           ,[GoaliesMin]
           ,[GoaliesMax]
           ,[DurationMin]
           ,[DurationMax]
           ,[Intensity]
           ,[Difficulty]
           ,[PlaceWidth]
           ,[PlaceLength]
           ,[Environment]) VALUES (88, N'Nácvik střely zápěstím', N'', 1, 30, 0, 0, 10, 15, 1, 0, 0, 0, 0);
 INSERT INTO [dbo].[Activities](
       [Id]
            ,[Name]
           ,[Description]
           ,[PersonsMin]
           ,[PersonsMax]
           ,[GoaliesMin]
           ,[GoaliesMax]
           ,[DurationMin]
           ,[DurationMax]
           ,[Intensity]
           ,[Difficulty]
           ,[PlaceWidth]
           ,[PlaceLength]
           ,[Environment]) VALUES (89, N'Hlídání střelce', N'Varianta pro 2 hráče: obránce hlídá 2 branky umístěné cca 3-5 metrů od sebe na jedné linii. Útočník má 2-3 pokusy na zakončení do libovolné branky. Pokud vsítí branku má útočník bod v opačném případě má bod obránce
Varianta pro 3 hráče: branky jsou umístěny  vždy 2 vedle sebe a 2 proti sobě jednu linii branek má vždy na starost jeden obránce. Útočník si zvolí, na kterou stanu bude útočit.

branky mohou být vždy dvojice velkých kuželů', 2, 30, 0, 0, 10, 20, 1, 0, 0, 0, 0);
 INSERT INTO [dbo].[Activities](
       [Id]
            ,[Name]
           ,[Description]
           ,[PersonsMin]
           ,[PersonsMax]
           ,[GoaliesMin]
           ,[GoaliesMax]
           ,[DurationMin]
           ,[DurationMax]
           ,[Intensity]
           ,[Difficulty]
           ,[PlaceWidth]
           ,[PlaceLength]
           ,[Environment]) VALUES (90, N'Brankářské žonglování', N'2 míčky
- jeden hodím dolů druhý nahoru stejnou rukou hodím i chytám
- žonglování o zeď
- klasické žonglování
- ruce zkřížené v úrovní hlavy - vrchní míček pustím a musím jej chytit dříve než spadne na zem , pak dám ruku zespod - dojde tak k výměně ruky, která má chytat
', 1, 4, 0, 0, 10, 15, 1, 0, 0, 0, 0);
 INSERT INTO [dbo].[Activities](
       [Id]
            ,[Name]
           ,[Description]
           ,[PersonsMin]
           ,[PersonsMax]
           ,[GoaliesMin]
           ,[GoaliesMax]
           ,[DurationMin]
           ,[DurationMax]
           ,[Intensity]
           ,[Difficulty]
           ,[PlaceWidth]
           ,[PlaceLength]
           ,[Environment]) VALUES (91, N'Honička s míčkem kolem tvaru ve dvojici v limitu', N'Pomocí kloboučků vymezíme tvar kolem, kterého se hráči chytají. Předem stanovíme časový limit. Pokud do tohoto limitu chytač ukořistí míček má bod v opačném případě má bod chytaný.', 2, 30, 0, 0, 4, 10, 1, 0, 3, 3, 0);
 INSERT INTO [dbo].[Activities](
       [Id]
            ,[Name]
           ,[Description]
           ,[PersonsMin]
           ,[PersonsMax]
           ,[GoaliesMin]
           ,[GoaliesMax]
           ,[DurationMin]
           ,[DurationMax]
           ,[Intensity]
           ,[Difficulty]
           ,[PlaceWidth]
           ,[PlaceLength]
           ,[Environment]) VALUES (92, N'Hoď míč sousedoví a běž okolo', N'Stojíme v kruhu. Ten, kdo má míč jej hodí sousedovi vpravo a hned běží také v pravo kolem kruhu až na volné místo. Takto se postupně všichni střídají až do signálu pro konec.', 8, 30, 0, 0, 4, 10, 1, 1, 0, 0, 0);
 INSERT INTO [dbo].[Activities](
       [Id]
            ,[Name]
           ,[Description]
           ,[PersonsMin]
           ,[PersonsMax]
           ,[GoaliesMin]
           ,[GoaliesMax]
           ,[DurationMin]
           ,[DurationMax]
           ,[Intensity]
           ,[Difficulty]
           ,[PlaceWidth]
           ,[PlaceLength]
           ,[Environment]) VALUES (93, N'Sbírání věcí v trakaři ve dvojici', N'Dvojice stojí po obvodu kruhu, kde uprostřed je spoustu kloboučků nebo jiných předmětů. Dvojice udělá trakař a jde si pro jeden předmět. Předmět si posouvá směrem k sobě (pořád je v trakaři). Jakmile je za čarou, vymění se. Dvojice s největším počtem věcí vyhrává.', 4, 30, 0, 0, 5, 15, 1, 2, 0, 0, 0);
 INSERT INTO [dbo].[Activities](
       [Id]
            ,[Name]
           ,[Description]
           ,[PersonsMin]
           ,[PersonsMax]
           ,[GoaliesMin]
           ,[GoaliesMax]
           ,[DurationMin]
           ,[DurationMax]
           ,[Intensity]
           ,[Difficulty]
           ,[PlaceWidth]
           ,[PlaceLength]
           ,[Environment]) VALUES (94, N'Vyvolávka', N'Hráči stojí v kruhu a pohybují se během/přískoky/ káčáky podle instrukcí trenéra. Trenér vybere jednoho hráče, který roztočí láhev a na koho láhev ukáže toho musí chytit. Pokud ukáže na něj, ostatní chytají jeho.', 7, 16, 0, 0, 6, 15, 1, 0, 10, 10, 0);
 INSERT INTO [dbo].[Activities](
       [Id]
            ,[Name]
           ,[Description]
           ,[PersonsMin]
           ,[PersonsMax]
           ,[GoaliesMin]
           ,[GoaliesMax]
           ,[DurationMin]
           ,[DurationMax]
           ,[Intensity]
           ,[Difficulty]
           ,[PlaceWidth]
           ,[PlaceLength]
           ,[Environment]) VALUES (95, N'Chyť si svůj míček', N'Hráči v různém počtu stojí na čáře a dívají se před sebe. Za nimi stojí trenér nebo jiný hráč a hodí 1-3 míčky nebo kloboučky nebo létající talíře před hráče. Kdo chytí míček má bod. Varianta - ten, kdo nemá nic vypadává', 3, 30, 0, 0, 5, 20, 1, 0, 4, 10, 0);
 INSERT INTO [dbo].[Activities](
       [Id]
            ,[Name]
           ,[Description]
           ,[PersonsMin]
           ,[PersonsMax]
           ,[GoaliesMin]
           ,[GoaliesMax]
           ,[DurationMin]
           ,[DurationMax]
           ,[Intensity]
           ,[Difficulty]
           ,[PlaceWidth]
           ,[PlaceLength]
           ,[Environment]) VALUES (96, N'Florbalový biatlon ', N'Dráha s překážkama, kde v každém kole je možnost vystřelit na branku, pokud se netrefím běžím trestné kolo. ', 3, 16, 0, 0, 10, 20, 1, 0, 20, 10, 0);
SET IDENTITY_INSERT [dbo].[Activities] OFF;
SET IDENTITY_INSERT [dbo].[ActivityAgeGroups] ON;
 INSERT INTO [dbo].[ActivityAgeGroups]
           ([Id],
           [ActivityId]
           ,[AgeGroupId]) VALUES (6,6,1);
 INSERT INTO [dbo].[ActivityAgeGroups]
           ([Id],
           [ActivityId]
           ,[AgeGroupId]) VALUES (15,7,1);
 INSERT INTO [dbo].[ActivityAgeGroups]
           ([Id],
           [ActivityId]
           ,[AgeGroupId]) VALUES (16,5,1);
 INSERT INTO [dbo].[ActivityAgeGroups]
           ([Id],
           [ActivityId]
           ,[AgeGroupId]) VALUES (17,20,1);
 INSERT INTO [dbo].[ActivityAgeGroups]
           ([Id],
           [ActivityId]
           ,[AgeGroupId]) VALUES (19,3,1);
 INSERT INTO [dbo].[ActivityAgeGroups]
           ([Id],
           [ActivityId]
           ,[AgeGroupId]) VALUES (21,4,1);
 INSERT INTO [dbo].[ActivityAgeGroups]
           ([Id],
           [ActivityId]
           ,[AgeGroupId]) VALUES (22,23,1);
 INSERT INTO [dbo].[ActivityAgeGroups]
           ([Id],
           [ActivityId]
           ,[AgeGroupId]) VALUES (30,2,11);
 INSERT INTO [dbo].[ActivityAgeGroups]
           ([Id],
           [ActivityId]
           ,[AgeGroupId]) VALUES (32,1,21);
 INSERT INTO [dbo].[ActivityAgeGroups]
           ([Id],
           [ActivityId]
           ,[AgeGroupId]) VALUES (33,40,1);
 INSERT INTO [dbo].[ActivityAgeGroups]
           ([Id],
           [ActivityId]
           ,[AgeGroupId]) VALUES (34,41,1);
 INSERT INTO [dbo].[ActivityAgeGroups]
           ([Id],
           [ActivityId]
           ,[AgeGroupId]) VALUES (35,42,1);
 INSERT INTO [dbo].[ActivityAgeGroups]
           ([Id],
           [ActivityId]
           ,[AgeGroupId]) VALUES (36,43,1);
 INSERT INTO [dbo].[ActivityAgeGroups]
           ([Id],
           [ActivityId]
           ,[AgeGroupId]) VALUES (37,44,1);
 INSERT INTO [dbo].[ActivityAgeGroups]
           ([Id],
           [ActivityId]
           ,[AgeGroupId]) VALUES (38,45,1);
 INSERT INTO [dbo].[ActivityAgeGroups]
           ([Id],
           [ActivityId]
           ,[AgeGroupId]) VALUES (39,46,1);
 INSERT INTO [dbo].[ActivityAgeGroups]
           ([Id],
           [ActivityId]
           ,[AgeGroupId]) VALUES (40,47,1);
 INSERT INTO [dbo].[ActivityAgeGroups]
           ([Id],
           [ActivityId]
           ,[AgeGroupId]) VALUES (41,48,1);
 INSERT INTO [dbo].[ActivityAgeGroups]
           ([Id],
           [ActivityId]
           ,[AgeGroupId]) VALUES (42,26,1);
 INSERT INTO [dbo].[ActivityAgeGroups]
           ([Id],
           [ActivityId]
           ,[AgeGroupId]) VALUES (43,49,1);
 INSERT INTO [dbo].[ActivityAgeGroups]
           ([Id],
           [ActivityId]
           ,[AgeGroupId]) VALUES (44,50,1);
 INSERT INTO [dbo].[ActivityAgeGroups]
           ([Id],
           [ActivityId]
           ,[AgeGroupId]) VALUES (45,51,1);
 INSERT INTO [dbo].[ActivityAgeGroups]
           ([Id],
           [ActivityId]
           ,[AgeGroupId]) VALUES (46,52,1);
 INSERT INTO [dbo].[ActivityAgeGroups]
           ([Id],
           [ActivityId]
           ,[AgeGroupId]) VALUES (47,53,1);
 INSERT INTO [dbo].[ActivityAgeGroups]
           ([Id],
           [ActivityId]
           ,[AgeGroupId]) VALUES (48,54,1);
 INSERT INTO [dbo].[ActivityAgeGroups]
           ([Id],
           [ActivityId]
           ,[AgeGroupId]) VALUES (49,55,1);
 INSERT INTO [dbo].[ActivityAgeGroups]
           ([Id],
           [ActivityId]
           ,[AgeGroupId]) VALUES (50,56,1);
 INSERT INTO [dbo].[ActivityAgeGroups]
           ([Id],
           [ActivityId]
           ,[AgeGroupId]) VALUES (51,57,1);
 INSERT INTO [dbo].[ActivityAgeGroups]
           ([Id],
           [ActivityId]
           ,[AgeGroupId]) VALUES (52,58,1);
 INSERT INTO [dbo].[ActivityAgeGroups]
           ([Id],
           [ActivityId]
           ,[AgeGroupId]) VALUES (53,59,1);
 INSERT INTO [dbo].[ActivityAgeGroups]
           ([Id],
           [ActivityId]
           ,[AgeGroupId]) VALUES (54,60,1);
 INSERT INTO [dbo].[ActivityAgeGroups]
           ([Id],
           [ActivityId]
           ,[AgeGroupId]) VALUES (55,61,1);
 INSERT INTO [dbo].[ActivityAgeGroups]
           ([Id],
           [ActivityId]
           ,[AgeGroupId]) VALUES (56,62,1);
 INSERT INTO [dbo].[ActivityAgeGroups]
           ([Id],
           [ActivityId]
           ,[AgeGroupId]) VALUES (57,63,1);
 INSERT INTO [dbo].[ActivityAgeGroups]
           ([Id],
           [ActivityId]
           ,[AgeGroupId]) VALUES (58,64,1);
 INSERT INTO [dbo].[ActivityAgeGroups]
           ([Id],
           [ActivityId]
           ,[AgeGroupId]) VALUES (59,65,1);
 INSERT INTO [dbo].[ActivityAgeGroups]
           ([Id],
           [ActivityId]
           ,[AgeGroupId]) VALUES (60,66,11);
 INSERT INTO [dbo].[ActivityAgeGroups]
           ([Id],
           [ActivityId]
           ,[AgeGroupId]) VALUES (61,66,13);
 INSERT INTO [dbo].[ActivityAgeGroups]
           ([Id],
           [ActivityId]
           ,[AgeGroupId]) VALUES (62,66,15);
 INSERT INTO [dbo].[ActivityAgeGroups]
           ([Id],
           [ActivityId]
           ,[AgeGroupId]) VALUES (63,66,17);
 INSERT INTO [dbo].[ActivityAgeGroups]
           ([Id],
           [ActivityId]
           ,[AgeGroupId]) VALUES (64,66,21);
 INSERT INTO [dbo].[ActivityAgeGroups]
           ([Id],
           [ActivityId]
           ,[AgeGroupId]) VALUES (65,66,23);
 INSERT INTO [dbo].[ActivityAgeGroups]
           ([Id],
           [ActivityId]
           ,[AgeGroupId]) VALUES (66,67,1);
 INSERT INTO [dbo].[ActivityAgeGroups]
           ([Id],
           [ActivityId]
           ,[AgeGroupId]) VALUES (67,68,1);
 INSERT INTO [dbo].[ActivityAgeGroups]
           ([Id],
           [ActivityId]
           ,[AgeGroupId]) VALUES (68,69,1);
 INSERT INTO [dbo].[ActivityAgeGroups]
           ([Id],
           [ActivityId]
           ,[AgeGroupId]) VALUES (69,70,1);
 INSERT INTO [dbo].[ActivityAgeGroups]
           ([Id],
           [ActivityId]
           ,[AgeGroupId]) VALUES (70,71,1);
 INSERT INTO [dbo].[ActivityAgeGroups]
           ([Id],
           [ActivityId]
           ,[AgeGroupId]) VALUES (71,72,1);
 INSERT INTO [dbo].[ActivityAgeGroups]
           ([Id],
           [ActivityId]
           ,[AgeGroupId]) VALUES (72,73,1);
 INSERT INTO [dbo].[ActivityAgeGroups]
           ([Id],
           [ActivityId]
           ,[AgeGroupId]) VALUES (73,74,1);
 INSERT INTO [dbo].[ActivityAgeGroups]
           ([Id],
           [ActivityId]
           ,[AgeGroupId]) VALUES (74,75,1);
 INSERT INTO [dbo].[ActivityAgeGroups]
           ([Id],
           [ActivityId]
           ,[AgeGroupId]) VALUES (75,76,1);
 INSERT INTO [dbo].[ActivityAgeGroups]
           ([Id],
           [ActivityId]
           ,[AgeGroupId]) VALUES (76,77,1);
 INSERT INTO [dbo].[ActivityAgeGroups]
           ([Id],
           [ActivityId]
           ,[AgeGroupId]) VALUES (77,78,1);
 INSERT INTO [dbo].[ActivityAgeGroups]
           ([Id],
           [ActivityId]
           ,[AgeGroupId]) VALUES (78,79,1);
 INSERT INTO [dbo].[ActivityAgeGroups]
           ([Id],
           [ActivityId]
           ,[AgeGroupId]) VALUES (79,80,1);
 INSERT INTO [dbo].[ActivityAgeGroups]
           ([Id],
           [ActivityId]
           ,[AgeGroupId]) VALUES (80,81,1);
 INSERT INTO [dbo].[ActivityAgeGroups]
           ([Id],
           [ActivityId]
           ,[AgeGroupId]) VALUES (81,82,1);
 INSERT INTO [dbo].[ActivityAgeGroups]
           ([Id],
           [ActivityId]
           ,[AgeGroupId]) VALUES (82,83,1);
 
 INSERT INTO [dbo].[ActivityAgeGroups]
           ([Id],
           [ActivityId]
           ,[AgeGroupId]) VALUES (84,85,1);
 INSERT INTO [dbo].[ActivityAgeGroups]
           ([Id],
           [ActivityId]
           ,[AgeGroupId]) VALUES (85,86,1);
 INSERT INTO [dbo].[ActivityAgeGroups]
           ([Id],
           [ActivityId]
           ,[AgeGroupId]) VALUES (86,87,1);
 INSERT INTO [dbo].[ActivityAgeGroups]
           ([Id],
           [ActivityId]
           ,[AgeGroupId]) VALUES (87,88,11);
 INSERT INTO [dbo].[ActivityAgeGroups]
           ([Id],
           [ActivityId]
           ,[AgeGroupId]) VALUES (88,88,13);
 INSERT INTO [dbo].[ActivityAgeGroups]
           ([Id],
           [ActivityId]
           ,[AgeGroupId]) VALUES (89,89,1);
 INSERT INTO [dbo].[ActivityAgeGroups]
           ([Id],
           [ActivityId]
           ,[AgeGroupId]) VALUES (90,90,1);
 INSERT INTO [dbo].[ActivityAgeGroups]
           ([Id],
           [ActivityId]
           ,[AgeGroupId]) VALUES (91,91,1);
 INSERT INTO [dbo].[ActivityAgeGroups]
           ([Id],
           [ActivityId]
           ,[AgeGroupId]) VALUES (92,92,1);
 INSERT INTO [dbo].[ActivityAgeGroups]
           ([Id],
           [ActivityId]
           ,[AgeGroupId]) VALUES (93,93,1);
 INSERT INTO [dbo].[ActivityAgeGroups]
           ([Id],
           [ActivityId]
           ,[AgeGroupId]) VALUES (94,94,1);
 INSERT INTO [dbo].[ActivityAgeGroups]
           ([Id],
           [ActivityId]
           ,[AgeGroupId]) VALUES (95,95,1);
 INSERT INTO [dbo].[ActivityAgeGroups]
           ([Id],
           [ActivityId]
           ,[AgeGroupId]) VALUES (96,96,1);
SET IDENTITY_INSERT [dbo].[ActivityAgeGroups] OFF;
SET IDENTITY_INSERT [dbo].[ActivityEquipments] ON;
 INSERT INTO [dbo].[ActivityEquipments] ([Id],[ActivityId],[EquipmentId]) VALUES (6,7,6);
 INSERT INTO [dbo].[ActivityEquipments] ([Id],[ActivityId],[EquipmentId]) VALUES (9,5,9);
 INSERT INTO [dbo].[ActivityEquipments] ([Id],[ActivityId],[EquipmentId]) VALUES (10,5,7);
 INSERT INTO [dbo].[ActivityEquipments] ([Id],[ActivityId],[EquipmentId]) VALUES (11,5,8);
 INSERT INTO [dbo].[ActivityEquipments] ([Id],[ActivityId],[EquipmentId]) VALUES (22,41,9);
 INSERT INTO [dbo].[ActivityEquipments] ([Id],[ActivityId],[EquipmentId]) VALUES (23,41,7);
 INSERT INTO [dbo].[ActivityEquipments] ([Id],[ActivityId],[EquipmentId]) VALUES (26,43,9);
 INSERT INTO [dbo].[ActivityEquipments] ([Id],[ActivityId],[EquipmentId]) VALUES (27,43,7);
 INSERT INTO [dbo].[ActivityEquipments] ([Id],[ActivityId],[EquipmentId]) VALUES (30,46,2);
 INSERT INTO [dbo].[ActivityEquipments] ([Id],[ActivityId],[EquipmentId]) VALUES (31,46,1);
 INSERT INTO [dbo].[ActivityEquipments] ([Id],[ActivityId],[EquipmentId]) VALUES (32,46,5);
 INSERT INTO [dbo].[ActivityEquipments] ([Id],[ActivityId],[EquipmentId]) VALUES (33,46,7);
 INSERT INTO [dbo].[ActivityEquipments] ([Id],[ActivityId],[EquipmentId]) VALUES (34,46,11);
 INSERT INTO [dbo].[ActivityEquipments] ([Id],[ActivityId],[EquipmentId]) VALUES (35,47,2);
 INSERT INTO [dbo].[ActivityEquipments] ([Id],[ActivityId],[EquipmentId]) VALUES (40,50,7);
 INSERT INTO [dbo].[ActivityEquipments] ([Id],[ActivityId],[EquipmentId]) VALUES (41,50,2);
 INSERT INTO [dbo].[ActivityEquipments] ([Id],[ActivityId],[EquipmentId]) VALUES (42,52,12);
 INSERT INTO [dbo].[ActivityEquipments] ([Id],[ActivityId],[EquipmentId]) VALUES (43,53,5);
 INSERT INTO [dbo].[ActivityEquipments] ([Id],[ActivityId],[EquipmentId]) VALUES (44,55,13);
 INSERT INTO [dbo].[ActivityEquipments] ([Id],[ActivityId],[EquipmentId]) VALUES (45,56,7);
 INSERT INTO [dbo].[ActivityEquipments] ([Id],[ActivityId],[EquipmentId]) VALUES (46,57,9);
 INSERT INTO [dbo].[ActivityEquipments] ([Id],[ActivityId],[EquipmentId]) VALUES (47,57,7);
 INSERT INTO [dbo].[ActivityEquipments] ([Id],[ActivityId],[EquipmentId]) VALUES (48,57,8);
 INSERT INTO [dbo].[ActivityEquipments] ([Id],[ActivityId],[EquipmentId]) VALUES (49,58,8);
 INSERT INTO [dbo].[ActivityEquipments] ([Id],[ActivityId],[EquipmentId]) VALUES (50,58,9);
 INSERT INTO [dbo].[ActivityEquipments] ([Id],[ActivityId],[EquipmentId]) VALUES (51,58,7);
 INSERT INTO [dbo].[ActivityEquipments] ([Id],[ActivityId],[EquipmentId]) VALUES (52,60,9);
 INSERT INTO [dbo].[ActivityEquipments] ([Id],[ActivityId],[EquipmentId]) VALUES (53,60,8);
 INSERT INTO [dbo].[ActivityEquipments] ([Id],[ActivityId],[EquipmentId]) VALUES (54,60,7);
 INSERT INTO [dbo].[ActivityEquipments] ([Id],[ActivityId],[EquipmentId]) VALUES (55,62,9);
 INSERT INTO [dbo].[ActivityEquipments] ([Id],[ActivityId],[EquipmentId]) VALUES (56,62,7);
 INSERT INTO [dbo].[ActivityEquipments] ([Id],[ActivityId],[EquipmentId]) VALUES (57,62,1);
 INSERT INTO [dbo].[ActivityEquipments] ([Id],[ActivityId],[EquipmentId]) VALUES (62,64,7);
 INSERT INTO [dbo].[ActivityEquipments] ([Id],[ActivityId],[EquipmentId]) VALUES (67,67,14);
 INSERT INTO [dbo].[ActivityEquipments] ([Id],[ActivityId],[EquipmentId]) VALUES (68,26,9);
 INSERT INTO [dbo].[ActivityEquipments] ([Id],[ActivityId],[EquipmentId]) VALUES (69,26,7);
 INSERT INTO [dbo].[ActivityEquipments] ([Id],[ActivityId],[EquipmentId]) VALUES (72,68,8);
 INSERT INTO [dbo].[ActivityEquipments] ([Id],[ActivityId],[EquipmentId]) VALUES (73,68,7);
 INSERT INTO [dbo].[ActivityEquipments] ([Id],[ActivityId],[EquipmentId]) VALUES (74,68,9);
 INSERT INTO [dbo].[ActivityEquipments] ([Id],[ActivityId],[EquipmentId]) VALUES (75,69,9);
 INSERT INTO [dbo].[ActivityEquipments] ([Id],[ActivityId],[EquipmentId]) VALUES (76,69,7);
 INSERT INTO [dbo].[ActivityEquipments] ([Id],[ActivityId],[EquipmentId]) VALUES (77,70,9);
 INSERT INTO [dbo].[ActivityEquipments] ([Id],[ActivityId],[EquipmentId]) VALUES (78,70,7);
 INSERT INTO [dbo].[ActivityEquipments] ([Id],[ActivityId],[EquipmentId]) VALUES (79,71,9);
 INSERT INTO [dbo].[ActivityEquipments] ([Id],[ActivityId],[EquipmentId]) VALUES (80,71,7);
 INSERT INTO [dbo].[ActivityEquipments] ([Id],[ActivityId],[EquipmentId]) VALUES (81,72,9);
 INSERT INTO [dbo].[ActivityEquipments] ([Id],[ActivityId],[EquipmentId]) VALUES (82,72,7);
 INSERT INTO [dbo].[ActivityEquipments] ([Id],[ActivityId],[EquipmentId]) VALUES (83,72,2);
 INSERT INTO [dbo].[ActivityEquipments] ([Id],[ActivityId],[EquipmentId]) VALUES (84,72,16);
 INSERT INTO [dbo].[ActivityEquipments] ([Id],[ActivityId],[EquipmentId]) VALUES (85,73,7);
 INSERT INTO [dbo].[ActivityEquipments] ([Id],[ActivityId],[EquipmentId]) VALUES (86,73,9);
 INSERT INTO [dbo].[ActivityEquipments] ([Id],[ActivityId],[EquipmentId]) VALUES (87,73,4);
 INSERT INTO [dbo].[ActivityEquipments] ([Id],[ActivityId],[EquipmentId]) VALUES (88,73,2);
 INSERT INTO [dbo].[ActivityEquipments] ([Id],[ActivityId],[EquipmentId]) VALUES (89,74,9);
 INSERT INTO [dbo].[ActivityEquipments] ([Id],[ActivityId],[EquipmentId]) VALUES (90,74,8);
 INSERT INTO [dbo].[ActivityEquipments] ([Id],[ActivityId],[EquipmentId]) VALUES (91,74,7);
 INSERT INTO [dbo].[ActivityEquipments] ([Id],[ActivityId],[EquipmentId]) VALUES (92,75,9);
 INSERT INTO [dbo].[ActivityEquipments] ([Id],[ActivityId],[EquipmentId]) VALUES (93,75,8);
 INSERT INTO [dbo].[ActivityEquipments] ([Id],[ActivityId],[EquipmentId]) VALUES (94,75,7);
 INSERT INTO [dbo].[ActivityEquipments] ([Id],[ActivityId],[EquipmentId]) VALUES (99,78,7);
 INSERT INTO [dbo].[ActivityEquipments] ([Id],[ActivityId],[EquipmentId]) VALUES (100,78,13);
 INSERT INTO [dbo].[ActivityEquipments] ([Id],[ActivityId],[EquipmentId]) VALUES (101,78,9);
 INSERT INTO [dbo].[ActivityEquipments] ([Id],[ActivityId],[EquipmentId]) VALUES (102,79,9);
 INSERT INTO [dbo].[ActivityEquipments] ([Id],[ActivityId],[EquipmentId]) VALUES (103,79,7);
 INSERT INTO [dbo].[ActivityEquipments] ([Id],[ActivityId],[EquipmentId]) VALUES (104,79,13);
 INSERT INTO [dbo].[ActivityEquipments] ([Id],[ActivityId],[EquipmentId]) VALUES (107,80,7);
 INSERT INTO [dbo].[ActivityEquipments] ([Id],[ActivityId],[EquipmentId]) VALUES (108,6,9);
 INSERT INTO [dbo].[ActivityEquipments] ([Id],[ActivityId],[EquipmentId]) VALUES (109,6,8);
 INSERT INTO [dbo].[ActivityEquipments] ([Id],[ActivityId],[EquipmentId]) VALUES (110,6,7);
 INSERT INTO [dbo].[ActivityEquipments] ([Id],[ActivityId],[EquipmentId]) VALUES (111,81,9);
 INSERT INTO [dbo].[ActivityEquipments] ([Id],[ActivityId],[EquipmentId]) VALUES (112,81,7);
 INSERT INTO [dbo].[ActivityEquipments] ([Id],[ActivityId],[EquipmentId]) VALUES (113,82,9);
 INSERT INTO [dbo].[ActivityEquipments] ([Id],[ActivityId],[EquipmentId]) VALUES (114,82,8);
 INSERT INTO [dbo].[ActivityEquipments] ([Id],[ActivityId],[EquipmentId]) VALUES (115,82,7);
 INSERT INTO [dbo].[ActivityEquipments] ([Id],[ActivityId],[EquipmentId]) VALUES (116,82,14);
 INSERT INTO [dbo].[ActivityEquipments] ([Id],[ActivityId],[EquipmentId]) VALUES (117,82,2);
 INSERT INTO [dbo].[ActivityEquipments] ([Id],[ActivityId],[EquipmentId]) VALUES (118,82,15);
 INSERT INTO [dbo].[ActivityEquipments] ([Id],[ActivityId],[EquipmentId]) VALUES (119,82,13);
 INSERT INTO [dbo].[ActivityEquipments] ([Id],[ActivityId],[EquipmentId]) VALUES (120,3,9);
 INSERT INTO [dbo].[ActivityEquipments] ([Id],[ActivityId],[EquipmentId]) VALUES (121,3,7);
 INSERT INTO [dbo].[ActivityEquipments] ([Id],[ActivityId],[EquipmentId]) VALUES (125,86,12);
 INSERT INTO [dbo].[ActivityEquipments] ([Id],[ActivityId],[EquipmentId]) VALUES (126,87,9);
 INSERT INTO [dbo].[ActivityEquipments] ([Id],[ActivityId],[EquipmentId]) VALUES (127,87,8);
 INSERT INTO [dbo].[ActivityEquipments] ([Id],[ActivityId],[EquipmentId]) VALUES (128,87,7);
 INSERT INTO [dbo].[ActivityEquipments] ([Id],[ActivityId],[EquipmentId]) VALUES (129,87,1);
 INSERT INTO [dbo].[ActivityEquipments] ([Id],[ActivityId],[EquipmentId]) VALUES (130,88,9);
 INSERT INTO [dbo].[ActivityEquipments] ([Id],[ActivityId],[EquipmentId]) VALUES (131,88,7);
 INSERT INTO [dbo].[ActivityEquipments] ([Id],[ActivityId],[EquipmentId]) VALUES (132,89,9);
 INSERT INTO [dbo].[ActivityEquipments] ([Id],[ActivityId],[EquipmentId]) VALUES (133,89,8);
 INSERT INTO [dbo].[ActivityEquipments] ([Id],[ActivityId],[EquipmentId]) VALUES (134,89,7);
 INSERT INTO [dbo].[ActivityEquipments] ([Id],[ActivityId],[EquipmentId]) VALUES (135,89,2);
 INSERT INTO [dbo].[ActivityEquipments] ([Id],[ActivityId],[EquipmentId]) VALUES (138,90,7);
 INSERT INTO [dbo].[ActivityEquipments] ([Id],[ActivityId],[EquipmentId]) VALUES (140,92,12);
 INSERT INTO [dbo].[ActivityEquipments] ([Id],[ActivityId],[EquipmentId]) VALUES (141,93,13);
 INSERT INTO [dbo].[ActivityEquipments] ([Id],[ActivityId],[EquipmentId]) VALUES (142,94,16);
 INSERT INTO [dbo].[ActivityEquipments] ([Id],[ActivityId],[EquipmentId]) VALUES (143,91,9);
 INSERT INTO [dbo].[ActivityEquipments] ([Id],[ActivityId],[EquipmentId]) VALUES (144,91,7);
 INSERT INTO [dbo].[ActivityEquipments] ([Id],[ActivityId],[EquipmentId]) VALUES (145,95,7);
 INSERT INTO [dbo].[ActivityEquipments] ([Id],[ActivityId],[EquipmentId]) VALUES (146,95,14);
 INSERT INTO [dbo].[ActivityEquipments] ([Id],[ActivityId],[EquipmentId]) VALUES (147,96,9);
 INSERT INTO [dbo].[ActivityEquipments] ([Id],[ActivityId],[EquipmentId]) VALUES (148,96,8);
 INSERT INTO [dbo].[ActivityEquipments] ([Id],[ActivityId],[EquipmentId]) VALUES (149,96,7);
 INSERT INTO [dbo].[ActivityEquipments] ([Id],[ActivityId],[EquipmentId]) VALUES (150,96,14);
 INSERT INTO [dbo].[ActivityEquipments] ([Id],[ActivityId],[EquipmentId]) VALUES (151,96,2);
 INSERT INTO [dbo].[ActivityEquipments] ([Id],[ActivityId],[EquipmentId]) VALUES (152,96,13);
 INSERT INTO [dbo].[ActivityEquipments] ([Id],[ActivityId],[EquipmentId]) VALUES (153,96,1);
SET IDENTITY_INSERT [dbo].[ActivityEquipments] OFF;
SET IDENTITY_INSERT [dbo].[ActivityTags] ON;
 INSERT INTO [dbo].[ActivityTags]
           ([Id],[ActivityId]
           ,[TagId]) VALUES (3,3,31);
 INSERT INTO [dbo].[ActivityTags]
           ([Id],[ActivityId]
           ,[TagId]) VALUES (28,2,29);
 INSERT INTO [dbo].[ActivityTags]
           ([Id],[ActivityId]
           ,[TagId]) VALUES (29,2,19);
 INSERT INTO [dbo].[ActivityTags]
           ([Id],[ActivityId]
           ,[TagId]) VALUES (30,2,35);
 INSERT INTO [dbo].[ActivityTags]
           ([Id],[ActivityId]
           ,[TagId]) VALUES (31,3,34);
 INSERT INTO [dbo].[ActivityTags]
           ([Id],[ActivityId]
           ,[TagId]) VALUES (33,4,29);
 INSERT INTO [dbo].[ActivityTags]
           ([Id],[ActivityId]
           ,[TagId]) VALUES (34,4,6);
 INSERT INTO [dbo].[ActivityTags]
           ([Id],[ActivityId]
           ,[TagId]) VALUES (35,5,31);
 INSERT INTO [dbo].[ActivityTags]
           ([Id],[ActivityId]
           ,[TagId]) VALUES (36,5,34);
 INSERT INTO [dbo].[ActivityTags]
           ([Id],[ActivityId]
           ,[TagId]) VALUES (39,23,36);
 
 INSERT INTO [dbo].[ActivityTags]
           ([Id],[ActivityId]
           ,[TagId]) VALUES (43,40,22);
 INSERT INTO [dbo].[ActivityTags]
           ([Id],[ActivityId]
           ,[TagId]) VALUES (44,40,21);
 INSERT INTO [dbo].[ActivityTags]
           ([Id],[ActivityId]
           ,[TagId]) VALUES (45,41,30);
 INSERT INTO [dbo].[ActivityTags]
           ([Id],[ActivityId]
           ,[TagId]) VALUES (46,41,23);
 INSERT INTO [dbo].[ActivityTags]
           ([Id],[ActivityId]
           ,[TagId]) VALUES (47,42,30);
 INSERT INTO [dbo].[ActivityTags]
           ([Id],[ActivityId]
           ,[TagId]) VALUES (48,42,36);
 INSERT INTO [dbo].[ActivityTags]
           ([Id],[ActivityId]
           ,[TagId]) VALUES (49,42,42);
 INSERT INTO [dbo].[ActivityTags]
           ([Id],[ActivityId]
           ,[TagId]) VALUES (50,42,38);
 INSERT INTO [dbo].[ActivityTags]
           ([Id],[ActivityId]
           ,[TagId]) VALUES (51,42,35);
 INSERT INTO [dbo].[ActivityTags]
           ([Id],[ActivityId]
           ,[TagId]) VALUES (52,42,31);
 INSERT INTO [dbo].[ActivityTags]
           ([Id],[ActivityId]
           ,[TagId]) VALUES (53,42,37);
 INSERT INTO [dbo].[ActivityTags]
           ([Id],[ActivityId]
           ,[TagId]) VALUES (54,43,23);
 INSERT INTO [dbo].[ActivityTags]
           ([Id],[ActivityId]
           ,[TagId]) VALUES (55,43,31);
 INSERT INTO [dbo].[ActivityTags]
           ([Id],[ActivityId]
           ,[TagId]) VALUES (56,43,30);
 INSERT INTO [dbo].[ActivityTags]
           ([Id],[ActivityId]
           ,[TagId]) VALUES (57,44,25);
 INSERT INTO [dbo].[ActivityTags]
           ([Id],[ActivityId]
           ,[TagId]) VALUES (58,44,21);
 INSERT INTO [dbo].[ActivityTags]
           ([Id],[ActivityId]
           ,[TagId]) VALUES (59,44,22);
 INSERT INTO [dbo].[ActivityTags]
           ([Id],[ActivityId]
           ,[TagId]) VALUES (60,44,23);
 INSERT INTO [dbo].[ActivityTags]
           ([Id],[ActivityId]
           ,[TagId]) VALUES (61,44,30);
 INSERT INTO [dbo].[ActivityTags]
           ([Id],[ActivityId]
           ,[TagId]) VALUES (62,45,39);
 INSERT INTO [dbo].[ActivityTags]
           ([Id],[ActivityId]
           ,[TagId]) VALUES (63,45,23);
 INSERT INTO [dbo].[ActivityTags]
           ([Id],[ActivityId]
           ,[TagId]) VALUES (64,45,22);
 INSERT INTO [dbo].[ActivityTags]
           ([Id],[ActivityId]
           ,[TagId]) VALUES (65,45,21);
 INSERT INTO [dbo].[ActivityTags]
           ([Id],[ActivityId]
           ,[TagId]) VALUES (66,46,25);
 INSERT INTO [dbo].[ActivityTags]
           ([Id],[ActivityId]
           ,[TagId]) VALUES (67,46,21);
 INSERT INTO [dbo].[ActivityTags]
           ([Id],[ActivityId]
           ,[TagId]) VALUES (68,46,6);
 INSERT INTO [dbo].[ActivityTags]
           ([Id],[ActivityId]
           ,[TagId]) VALUES (69,46,36);
 INSERT INTO [dbo].[ActivityTags]
           ([Id],[ActivityId]
           ,[TagId]) VALUES (70,46,42);
 INSERT INTO [dbo].[ActivityTags]
           ([Id],[ActivityId]
           ,[TagId]) VALUES (71,47,28);
 INSERT INTO [dbo].[ActivityTags]
           ([Id],[ActivityId]
           ,[TagId]) VALUES (72,47,25);
 INSERT INTO [dbo].[ActivityTags]
           ([Id],[ActivityId]
           ,[TagId]) VALUES (73,47,38);
 INSERT INTO [dbo].[ActivityTags]
           ([Id],[ActivityId]
           ,[TagId]) VALUES (74,47,36);
 INSERT INTO [dbo].[ActivityTags]
           ([Id],[ActivityId]
           ,[TagId]) VALUES (75,47,30);
 INSERT INTO [dbo].[ActivityTags]
           ([Id],[ActivityId]
           ,[TagId]) VALUES (76,48,30);
 INSERT INTO [dbo].[ActivityTags]
           ([Id],[ActivityId]
           ,[TagId]) VALUES (77,26,30);
 INSERT INTO [dbo].[ActivityTags]
           ([Id],[ActivityId]
           ,[TagId]) VALUES (78,26,36);
 INSERT INTO [dbo].[ActivityTags]
           ([Id],[ActivityId]
           ,[TagId]) VALUES (79,26,38);
 INSERT INTO [dbo].[ActivityTags]
           ([Id],[ActivityId]
           ,[TagId]) VALUES (80,26,25);
 INSERT INTO [dbo].[ActivityTags]
           ([Id],[ActivityId]
           ,[TagId]) VALUES (81,26,23);
 INSERT INTO [dbo].[ActivityTags]
           ([Id],[ActivityId]
           ,[TagId]) VALUES (82,26,21);
 INSERT INTO [dbo].[ActivityTags]
           ([Id],[ActivityId]
           ,[TagId]) VALUES (83,49,18);
 INSERT INTO [dbo].[ActivityTags]
           ([Id],[ActivityId]
           ,[TagId]) VALUES (84,49,22);
 INSERT INTO [dbo].[ActivityTags]
           ([Id],[ActivityId]
           ,[TagId]) VALUES (85,49,21);
 INSERT INTO [dbo].[ActivityTags]
           ([Id],[ActivityId]
           ,[TagId]) VALUES (86,50,18);
 INSERT INTO [dbo].[ActivityTags]
           ([Id],[ActivityId]
           ,[TagId]) VALUES (87,51,18);
 INSERT INTO [dbo].[ActivityTags]
           ([Id],[ActivityId]
           ,[TagId]) VALUES (88,52,25);
 INSERT INTO [dbo].[ActivityTags]
           ([Id],[ActivityId]
           ,[TagId]) VALUES (89,52,21);
 INSERT INTO [dbo].[ActivityTags]
           ([Id],[ActivityId]
           ,[TagId]) VALUES (90,52,6);
 INSERT INTO [dbo].[ActivityTags]
           ([Id],[ActivityId]
           ,[TagId]) VALUES (91,52,36);
 INSERT INTO [dbo].[ActivityTags]
           ([Id],[ActivityId]
           ,[TagId]) VALUES (92,52,30);
 INSERT INTO [dbo].[ActivityTags]
           ([Id],[ActivityId]
           ,[TagId]) VALUES (93,52,42);
 INSERT INTO [dbo].[ActivityTags]
           ([Id],[ActivityId]
           ,[TagId]) VALUES (94,53,25);
 INSERT INTO [dbo].[ActivityTags]
           ([Id],[ActivityId]
           ,[TagId]) VALUES (95,53,39);
 INSERT INTO [dbo].[ActivityTags]
           ([Id],[ActivityId]
           ,[TagId]) VALUES (96,53,27);
 INSERT INTO [dbo].[ActivityTags]
           ([Id],[ActivityId]
           ,[TagId]) VALUES (97,53,21);
 INSERT INTO [dbo].[ActivityTags]
           ([Id],[ActivityId]
           ,[TagId]) VALUES (98,53,6);
 INSERT INTO [dbo].[ActivityTags]
           ([Id],[ActivityId]
           ,[TagId]) VALUES (99,54,25);
 INSERT INTO [dbo].[ActivityTags]
           ([Id],[ActivityId]
           ,[TagId]) VALUES (100,54,21);
 INSERT INTO [dbo].[ActivityTags]
           ([Id],[ActivityId]
           ,[TagId]) VALUES (101,54,22);
 INSERT INTO [dbo].[ActivityTags]
           ([Id],[ActivityId]
           ,[TagId]) VALUES (102,55,25);
 INSERT INTO [dbo].[ActivityTags]
           ([Id],[ActivityId]
           ,[TagId]) VALUES (103,55,21);
 INSERT INTO [dbo].[ActivityTags]
           ([Id],[ActivityId]
           ,[TagId]) VALUES (104,55,36);
 INSERT INTO [dbo].[ActivityTags]
           ([Id],[ActivityId]
           ,[TagId]) VALUES (105,55,38);
 INSERT INTO [dbo].[ActivityTags]
           ([Id],[ActivityId]
           ,[TagId]) VALUES (106,56,25);
 INSERT INTO [dbo].[ActivityTags]
           ([Id],[ActivityId]
           ,[TagId]) VALUES (107,56,23);
 INSERT INTO [dbo].[ActivityTags]
           ([Id],[ActivityId]
           ,[TagId]) VALUES (108,56,11);
 INSERT INTO [dbo].[ActivityTags]
           ([Id],[ActivityId]
           ,[TagId]) VALUES (109,56,30);
 INSERT INTO [dbo].[ActivityTags]
           ([Id],[ActivityId]
           ,[TagId]) VALUES (110,56,29);
 INSERT INTO [dbo].[ActivityTags]
           ([Id],[ActivityId]
           ,[TagId]) VALUES (111,57,25);
 INSERT INTO [dbo].[ActivityTags]
           ([Id],[ActivityId]
           ,[TagId]) VALUES (112,57,23);
 INSERT INTO [dbo].[ActivityTags]
           ([Id],[ActivityId]
           ,[TagId]) VALUES (113,57,11);
 INSERT INTO [dbo].[ActivityTags]
           ([Id],[ActivityId]
           ,[TagId]) VALUES (114,57,17);
 INSERT INTO [dbo].[ActivityTags]
           ([Id],[ActivityId]
           ,[TagId]) VALUES (115,57,12);
 INSERT INTO [dbo].[ActivityTags]
           ([Id],[ActivityId]
           ,[TagId]) VALUES (116,57,19);
 INSERT INTO [dbo].[ActivityTags]
           ([Id],[ActivityId]
           ,[TagId]) VALUES (117,57,35);
 INSERT INTO [dbo].[ActivityTags]
           ([Id],[ActivityId]
           ,[TagId]) VALUES (118,57,31);
 INSERT INTO [dbo].[ActivityTags]
           ([Id],[ActivityId]
           ,[TagId]) VALUES (119,57,36);
 INSERT INTO [dbo].[ActivityTags]
           ([Id],[ActivityId]
           ,[TagId]) VALUES (120,57,38);
 INSERT INTO [dbo].[ActivityTags]
           ([Id],[ActivityId]
           ,[TagId]) VALUES (121,57,29);
 INSERT INTO [dbo].[ActivityTags]
           ([Id],[ActivityId]
           ,[TagId]) VALUES (122,57,30);
 INSERT INTO [dbo].[ActivityTags]
           ([Id],[ActivityId]
           ,[TagId]) VALUES (123,57,42);
 INSERT INTO [dbo].[ActivityTags]
           ([Id],[ActivityId]
           ,[TagId]) VALUES (124,57,20);
 INSERT INTO [dbo].[ActivityTags]
           ([Id],[ActivityId]
           ,[TagId]) VALUES (125,57,37);
 INSERT INTO [dbo].[ActivityTags]
           ([Id],[ActivityId]
           ,[TagId]) VALUES (126,58,18);
 INSERT INTO [dbo].[ActivityTags]
           ([Id],[ActivityId]
           ,[TagId]) VALUES (127,58,29);
 INSERT INTO [dbo].[ActivityTags]
           ([Id],[ActivityId]
           ,[TagId]) VALUES (128,58,36);
 INSERT INTO [dbo].[ActivityTags]
           ([Id],[ActivityId]
           ,[TagId]) VALUES (129,58,30);
 INSERT INTO [dbo].[ActivityTags]
           ([Id],[ActivityId]
           ,[TagId]) VALUES (130,58,19);
 INSERT INTO [dbo].[ActivityTags]
           ([Id],[ActivityId]
           ,[TagId]) VALUES (131,58,42);
 INSERT INTO [dbo].[ActivityTags]
           ([Id],[ActivityId]
           ,[TagId]) VALUES (132,59,6);
 INSERT INTO [dbo].[ActivityTags]
           ([Id],[ActivityId]
           ,[TagId]) VALUES (133,59,23);
 INSERT INTO [dbo].[ActivityTags]
           ([Id],[ActivityId]
           ,[TagId]) VALUES (134,59,24);
 INSERT INTO [dbo].[ActivityTags]
           ([Id],[ActivityId]
           ,[TagId]) VALUES (135,60,25);
 INSERT INTO [dbo].[ActivityTags]
           ([Id],[ActivityId]
           ,[TagId]) VALUES (136,60,11);
 INSERT INTO [dbo].[ActivityTags]
           ([Id],[ActivityId]
           ,[TagId]) VALUES (137,60,17);
 INSERT INTO [dbo].[ActivityTags]
           ([Id],[ActivityId]
           ,[TagId]) VALUES (138,60,12);
 INSERT INTO [dbo].[ActivityTags]
           ([Id],[ActivityId]
           ,[TagId]) VALUES (139,60,18);
 INSERT INTO [dbo].[ActivityTags]
           ([Id],[ActivityId]
           ,[TagId]) VALUES (140,60,37);
 INSERT INTO [dbo].[ActivityTags]
           ([Id],[ActivityId]
           ,[TagId]) VALUES (141,60,30);
 INSERT INTO [dbo].[ActivityTags]
           ([Id],[ActivityId]
           ,[TagId]) VALUES (142,60,42);
 INSERT INTO [dbo].[ActivityTags]
           ([Id],[ActivityId]
           ,[TagId]) VALUES (143,60,36);
 INSERT INTO [dbo].[ActivityTags]
           ([Id],[ActivityId]
           ,[TagId]) VALUES (144,60,38);
 INSERT INTO [dbo].[ActivityTags]
           ([Id],[ActivityId]
           ,[TagId]) VALUES (145,60,29);
 INSERT INTO [dbo].[ActivityTags]
           ([Id],[ActivityId]
           ,[TagId]) VALUES (146,60,19);
 INSERT INTO [dbo].[ActivityTags]
           ([Id],[ActivityId]
           ,[TagId]) VALUES (147,60,31);
 INSERT INTO [dbo].[ActivityTags]
           ([Id],[ActivityId]
           ,[TagId]) VALUES (148,60,23);
 INSERT INTO [dbo].[ActivityTags]
           ([Id],[ActivityId]
           ,[TagId]) VALUES (149,61,25);
 INSERT INTO [dbo].[ActivityTags]
           ([Id],[ActivityId]
           ,[TagId]) VALUES (150,61,21);
 INSERT INTO [dbo].[ActivityTags]
           ([Id],[ActivityId]
           ,[TagId]) VALUES (151,61,22);
 INSERT INTO [dbo].[ActivityTags]
           ([Id],[ActivityId]
           ,[TagId]) VALUES (152,61,23);
 INSERT INTO [dbo].[ActivityTags]
           ([Id],[ActivityId]
           ,[TagId]) VALUES (153,61,6);
 INSERT INTO [dbo].[ActivityTags]
           ([Id],[ActivityId]
           ,[TagId]) VALUES (154,61,11);
 INSERT INTO [dbo].[ActivityTags]
           ([Id],[ActivityId]
           ,[TagId]) VALUES (155,61,36);
 INSERT INTO [dbo].[ActivityTags]
           ([Id],[ActivityId]
           ,[TagId]) VALUES (156,62,11);
 INSERT INTO [dbo].[ActivityTags]
           ([Id],[ActivityId]
           ,[TagId]) VALUES (157,62,17);
 INSERT INTO [dbo].[ActivityTags]
           ([Id],[ActivityId]
           ,[TagId]) VALUES (158,62,12);
 INSERT INTO [dbo].[ActivityTags]
           ([Id],[ActivityId]
           ,[TagId]) VALUES (159,62,37);
 INSERT INTO [dbo].[ActivityTags]
           ([Id],[ActivityId]
           ,[TagId]) VALUES (160,62,20);
 INSERT INTO [dbo].[ActivityTags]
           ([Id],[ActivityId]
           ,[TagId]) VALUES (161,62,42);
 INSERT INTO [dbo].[ActivityTags]
           ([Id],[ActivityId]
           ,[TagId]) VALUES (162,62,30);
 INSERT INTO [dbo].[ActivityTags]
           ([Id],[ActivityId]
           ,[TagId]) VALUES (163,62,36);
 INSERT INTO [dbo].[ActivityTags]
           ([Id],[ActivityId]
           ,[TagId]) VALUES (164,62,38);
 INSERT INTO [dbo].[ActivityTags]
           ([Id],[ActivityId]
           ,[TagId]) VALUES (165,62,19);
 INSERT INTO [dbo].[ActivityTags]
           ([Id],[ActivityId]
           ,[TagId]) VALUES (166,62,35);
 INSERT INTO [dbo].[ActivityTags]
           ([Id],[ActivityId]
           ,[TagId]) VALUES (167,63,23);
 INSERT INTO [dbo].[ActivityTags]
           ([Id],[ActivityId]
           ,[TagId]) VALUES (168,63,31);
 INSERT INTO [dbo].[ActivityTags]
           ([Id],[ActivityId]
           ,[TagId]) VALUES (169,63,30);
 INSERT INTO [dbo].[ActivityTags]
           ([Id],[ActivityId]
           ,[TagId]) VALUES (170,63,42);
 INSERT INTO [dbo].[ActivityTags]
           ([Id],[ActivityId]
           ,[TagId]) VALUES (171,63,18);
 INSERT INTO [dbo].[ActivityTags]
           ([Id],[ActivityId]
           ,[TagId]) VALUES (172,63,19);
 INSERT INTO [dbo].[ActivityTags]
           ([Id],[ActivityId]
           ,[TagId]) VALUES (173,63,29);
 INSERT INTO [dbo].[ActivityTags]
           ([Id],[ActivityId]
           ,[TagId]) VALUES (174,63,38);
 INSERT INTO [dbo].[ActivityTags]
           ([Id],[ActivityId]
           ,[TagId]) VALUES (175,64,25);
 INSERT INTO [dbo].[ActivityTags]
           ([Id],[ActivityId]
           ,[TagId]) VALUES (176,64,21);
 INSERT INTO [dbo].[ActivityTags]
           ([Id],[ActivityId]
           ,[TagId]) VALUES (177,65,25);
 INSERT INTO [dbo].[ActivityTags]
           ([Id],[ActivityId]
           ,[TagId]) VALUES (178,65,21);
 INSERT INTO [dbo].[ActivityTags]
           ([Id],[ActivityId]
           ,[TagId]) VALUES (179,65,23);
 INSERT INTO [dbo].[ActivityTags]
           ([Id],[ActivityId]
           ,[TagId]) VALUES (180,65,36);
 INSERT INTO [dbo].[ActivityTags]
           ([Id],[ActivityId]
           ,[TagId]) VALUES (181,65,42);
 INSERT INTO [dbo].[ActivityTags]
           ([Id],[ActivityId]
           ,[TagId]) VALUES (182,66,11);
 INSERT INTO [dbo].[ActivityTags]
           ([Id],[ActivityId]
           ,[TagId]) VALUES (183,66,17);
 INSERT INTO [dbo].[ActivityTags]
           ([Id],[ActivityId]
           ,[TagId]) VALUES (184,66,12);
 INSERT INTO [dbo].[ActivityTags]
           ([Id],[ActivityId]
           ,[TagId]) VALUES (185,66,16);
 INSERT INTO [dbo].[ActivityTags]
           ([Id],[ActivityId]
           ,[TagId]) VALUES (186,66,19);
 INSERT INTO [dbo].[ActivityTags]
           ([Id],[ActivityId]
           ,[TagId]) VALUES (187,66,35);
 INSERT INTO [dbo].[ActivityTags]
           ([Id],[ActivityId]
           ,[TagId]) VALUES (188,66,31);
 INSERT INTO [dbo].[ActivityTags]
           ([Id],[ActivityId]
           ,[TagId]) VALUES (189,66,34);
 INSERT INTO [dbo].[ActivityTags]
           ([Id],[ActivityId]
           ,[TagId]) VALUES (190,66,18);
 INSERT INTO [dbo].[ActivityTags]
           ([Id],[ActivityId]
           ,[TagId]) VALUES (191,66,41);
 INSERT INTO [dbo].[ActivityTags]
           ([Id],[ActivityId]
           ,[TagId]) VALUES (192,66,37);
 INSERT INTO [dbo].[ActivityTags]
           ([Id],[ActivityId]
           ,[TagId]) VALUES (193,66,40);
 INSERT INTO [dbo].[ActivityTags]
           ([Id],[ActivityId]
           ,[TagId]) VALUES (194,66,20);
 INSERT INTO [dbo].[ActivityTags]
           ([Id],[ActivityId]
           ,[TagId]) VALUES (195,66,42);
 INSERT INTO [dbo].[ActivityTags]
           ([Id],[ActivityId]
           ,[TagId]) VALUES (196,66,30);
 INSERT INTO [dbo].[ActivityTags]
           ([Id],[ActivityId]
           ,[TagId]) VALUES (197,66,36);
 INSERT INTO [dbo].[ActivityTags]
           ([Id],[ActivityId]
           ,[TagId]) VALUES (198,66,38);
 INSERT INTO [dbo].[ActivityTags]
           ([Id],[ActivityId]
           ,[TagId]) VALUES (199,66,29);
 INSERT INTO [dbo].[ActivityTags]
           ([Id],[ActivityId]
           ,[TagId]) VALUES (200,66,25);
 INSERT INTO [dbo].[ActivityTags]
           ([Id],[ActivityId]
           ,[TagId]) VALUES (201,66,23);
 INSERT INTO [dbo].[ActivityTags]
           ([Id],[ActivityId]
           ,[TagId]) VALUES (202,1,25);
 INSERT INTO [dbo].[ActivityTags]
           ([Id],[ActivityId]
           ,[TagId]) VALUES (203,1,21);
 INSERT INTO [dbo].[ActivityTags]
           ([Id],[ActivityId]
           ,[TagId]) VALUES (204,2,25);
 INSERT INTO [dbo].[ActivityTags]
           ([Id],[ActivityId]
           ,[TagId]) VALUES (205,2,21);
 INSERT INTO [dbo].[ActivityTags]
           ([Id],[ActivityId]
           ,[TagId]) VALUES (206,6,12);
 INSERT INTO [dbo].[ActivityTags]
           ([Id],[ActivityId]
           ,[TagId]) VALUES (207,6,25);
 INSERT INTO [dbo].[ActivityTags]
           ([Id],[ActivityId]
           ,[TagId]) VALUES (208,6,23);
 INSERT INTO [dbo].[ActivityTags]
           ([Id],[ActivityId]
           ,[TagId]) VALUES (209,6,35);
 INSERT INTO [dbo].[ActivityTags]
           ([Id],[ActivityId]
           ,[TagId]) VALUES (210,6,31);
 INSERT INTO [dbo].[ActivityTags]
           ([Id],[ActivityId]
           ,[TagId]) VALUES (211,6,34);
 INSERT INTO [dbo].[ActivityTags]
           ([Id],[ActivityId]
           ,[TagId]) VALUES (212,6,18);
 INSERT INTO [dbo].[ActivityTags]
           ([Id],[ActivityId]
           ,[TagId]) VALUES (213,6,41);
 INSERT INTO [dbo].[ActivityTags]
           ([Id],[ActivityId]
           ,[TagId]) VALUES (214,6,40);
 INSERT INTO [dbo].[ActivityTags]
           ([Id],[ActivityId]
           ,[TagId]) VALUES (215,6,37);
 INSERT INTO [dbo].[ActivityTags]
           ([Id],[ActivityId]
           ,[TagId]) VALUES (216,6,20);
 INSERT INTO [dbo].[ActivityTags]
           ([Id],[ActivityId]
           ,[TagId]) VALUES (217,6,42);
 INSERT INTO [dbo].[ActivityTags]
           ([Id],[ActivityId]
           ,[TagId]) VALUES (218,6,30);
 INSERT INTO [dbo].[ActivityTags]
           ([Id],[ActivityId]
           ,[TagId]) VALUES (219,6,36);
 INSERT INTO [dbo].[ActivityTags]
           ([Id],[ActivityId]
           ,[TagId]) VALUES (220,6,38);
 INSERT INTO [dbo].[ActivityTags]
           ([Id],[ActivityId]
           ,[TagId]) VALUES (221,6,29);
 INSERT INTO [dbo].[ActivityTags]
           ([Id],[ActivityId]
           ,[TagId]) VALUES (222,6,19);
 INSERT INTO [dbo].[ActivityTags]
           ([Id],[ActivityId]
           ,[TagId]) VALUES (223,7,15);
 INSERT INTO [dbo].[ActivityTags]
           ([Id],[ActivityId]
           ,[TagId]) VALUES (224,7,35);
 INSERT INTO [dbo].[ActivityTags]
           ([Id],[ActivityId]
           ,[TagId]) VALUES (225,7,31);
 INSERT INTO [dbo].[ActivityTags]
           ([Id],[ActivityId]
           ,[TagId]) VALUES (226,7,34);
 INSERT INTO [dbo].[ActivityTags]
           ([Id],[ActivityId]
           ,[TagId]) VALUES (227,7,18);
 INSERT INTO [dbo].[ActivityTags]
           ([Id],[ActivityId]
           ,[TagId]) VALUES (228,7,41);
 INSERT INTO [dbo].[ActivityTags]
           ([Id],[ActivityId]
           ,[TagId]) VALUES (229,7,37);
 INSERT INTO [dbo].[ActivityTags]
           ([Id],[ActivityId]
           ,[TagId]) VALUES (230,7,40);
 INSERT INTO [dbo].[ActivityTags]
           ([Id],[ActivityId]
           ,[TagId]) VALUES (231,7,20);
 INSERT INTO [dbo].[ActivityTags]
           ([Id],[ActivityId]
           ,[TagId]) VALUES (232,7,42);
 INSERT INTO [dbo].[ActivityTags]
           ([Id],[ActivityId]
           ,[TagId]) VALUES (233,7,30);
 INSERT INTO [dbo].[ActivityTags]
           ([Id],[ActivityId]
           ,[TagId]) VALUES (234,7,36);
 INSERT INTO [dbo].[ActivityTags]
           ([Id],[ActivityId]
           ,[TagId]) VALUES (235,7,38);
 INSERT INTO [dbo].[ActivityTags]
           ([Id],[ActivityId]
           ,[TagId]) VALUES (236,7,29);
 INSERT INTO [dbo].[ActivityTags]
           ([Id],[ActivityId]
           ,[TagId]) VALUES (237,7,19);
 INSERT INTO [dbo].[ActivityTags]
           ([Id],[ActivityId]
           ,[TagId]) VALUES (238,20,25);
 INSERT INTO [dbo].[ActivityTags]
           ([Id],[ActivityId]
           ,[TagId]) VALUES (239,20,21);
 INSERT INTO [dbo].[ActivityTags]
           ([Id],[ActivityId]
           ,[TagId]) VALUES (240,20,22);
 INSERT INTO [dbo].[ActivityTags]
           ([Id],[ActivityId]
           ,[TagId]) VALUES (241,20,31);
 INSERT INTO [dbo].[ActivityTags]
           ([Id],[ActivityId]
           ,[TagId]) VALUES (242,20,41);
 INSERT INTO [dbo].[ActivityTags]
           ([Id],[ActivityId]
           ,[TagId]) VALUES (243,67,25);
 INSERT INTO [dbo].[ActivityTags]
           ([Id],[ActivityId]
           ,[TagId]) VALUES (244,67,28);
 INSERT INTO [dbo].[ActivityTags]
           ([Id],[ActivityId]
           ,[TagId]) VALUES (245,67,27);
 INSERT INTO [dbo].[ActivityTags]
           ([Id],[ActivityId]
           ,[TagId]) VALUES (246,67,23);
 INSERT INTO [dbo].[ActivityTags]
           ([Id],[ActivityId]
           ,[TagId]) VALUES (247,67,21);
 INSERT INTO [dbo].[ActivityTags]
           ([Id],[ActivityId]
           ,[TagId]) VALUES (248,67,22);
 INSERT INTO [dbo].[ActivityTags]
           ([Id],[ActivityId]
           ,[TagId]) VALUES (249,67,6);
 INSERT INTO [dbo].[ActivityTags]
           ([Id],[ActivityId]
           ,[TagId]) VALUES (250,67,33);
 INSERT INTO [dbo].[ActivityTags]
           ([Id],[ActivityId]
           ,[TagId]) VALUES (251,67,36);
 INSERT INTO [dbo].[ActivityTags]
           ([Id],[ActivityId]
           ,[TagId]) VALUES (252,67,38);
 INSERT INTO [dbo].[ActivityTags]
           ([Id],[ActivityId]
           ,[TagId]) VALUES (253,68,21);
 INSERT INTO [dbo].[ActivityTags]
           ([Id],[ActivityId]
           ,[TagId]) VALUES (254,68,23);
 INSERT INTO [dbo].[ActivityTags]
           ([Id],[ActivityId]
           ,[TagId]) VALUES (255,68,18);
 INSERT INTO [dbo].[ActivityTags]
           ([Id],[ActivityId]
           ,[TagId]) VALUES (256,68,29);
 INSERT INTO [dbo].[ActivityTags]
           ([Id],[ActivityId]
           ,[TagId]) VALUES (257,68,42);
 INSERT INTO [dbo].[ActivityTags]
           ([Id],[ActivityId]
           ,[TagId]) VALUES (258,68,19);
 INSERT INTO [dbo].[ActivityTags]
           ([Id],[ActivityId]
           ,[TagId]) VALUES (259,69,19);
 INSERT INTO [dbo].[ActivityTags]
           ([Id],[ActivityId]
           ,[TagId]) VALUES (260,69,30);
 INSERT INTO [dbo].[ActivityTags]
           ([Id],[ActivityId]
           ,[TagId]) VALUES (261,69,36);
 INSERT INTO [dbo].[ActivityTags]
           ([Id],[ActivityId]
           ,[TagId]) VALUES (262,69,38);
 INSERT INTO [dbo].[ActivityTags]
           ([Id],[ActivityId]
           ,[TagId]) VALUES (263,69,29);
 INSERT INTO [dbo].[ActivityTags]
           ([Id],[ActivityId]
           ,[TagId]) VALUES (264,69,42);
 INSERT INTO [dbo].[ActivityTags]
           ([Id],[ActivityId]
           ,[TagId]) VALUES (265,69,18);
 INSERT INTO [dbo].[ActivityTags]
           ([Id],[ActivityId]
           ,[TagId]) VALUES (266,69,23);
 INSERT INTO [dbo].[ActivityTags]
           ([Id],[ActivityId]
           ,[TagId]) VALUES (267,69,21);
 INSERT INTO [dbo].[ActivityTags]
           ([Id],[ActivityId]
           ,[TagId]) VALUES (268,70,25);
 INSERT INTO [dbo].[ActivityTags]
           ([Id],[ActivityId]
           ,[TagId]) VALUES (269,70,23);
 INSERT INTO [dbo].[ActivityTags]
           ([Id],[ActivityId]
           ,[TagId]) VALUES (270,70,42);
 INSERT INTO [dbo].[ActivityTags]
           ([Id],[ActivityId]
           ,[TagId]) VALUES (271,70,30);
 INSERT INTO [dbo].[ActivityTags]
           ([Id],[ActivityId]
           ,[TagId]) VALUES (272,70,36);
 INSERT INTO [dbo].[ActivityTags]
           ([Id],[ActivityId]
           ,[TagId]) VALUES (273,70,38);
 INSERT INTO [dbo].[ActivityTags]
           ([Id],[ActivityId]
           ,[TagId]) VALUES (274,70,19);
 INSERT INTO [dbo].[ActivityTags]
           ([Id],[ActivityId]
           ,[TagId]) VALUES (275,71,25);
 INSERT INTO [dbo].[ActivityTags]
           ([Id],[ActivityId]
           ,[TagId]) VALUES (276,71,23);
 INSERT INTO [dbo].[ActivityTags]
           ([Id],[ActivityId]
           ,[TagId]) VALUES (277,71,21);
 INSERT INTO [dbo].[ActivityTags]
           ([Id],[ActivityId]
           ,[TagId]) VALUES (278,71,30);
 INSERT INTO [dbo].[ActivityTags]
           ([Id],[ActivityId]
           ,[TagId]) VALUES (279,71,42);
 INSERT INTO [dbo].[ActivityTags]
           ([Id],[ActivityId]
           ,[TagId]) VALUES (280,71,36);
 INSERT INTO [dbo].[ActivityTags]
           ([Id],[ActivityId]
           ,[TagId]) VALUES (281,71,38);
 INSERT INTO [dbo].[ActivityTags]
           ([Id],[ActivityId]
           ,[TagId]) VALUES (282,71,19);
 INSERT INTO [dbo].[ActivityTags]
           ([Id],[ActivityId]
           ,[TagId]) VALUES (283,72,25);
 INSERT INTO [dbo].[ActivityTags]
           ([Id],[ActivityId]
           ,[TagId]) VALUES (284,72,28);
 INSERT INTO [dbo].[ActivityTags]
           ([Id],[ActivityId]
           ,[TagId]) VALUES (285,72,21);
 INSERT INTO [dbo].[ActivityTags]
           ([Id],[ActivityId]
           ,[TagId]) VALUES (286,72,23);
 INSERT INTO [dbo].[ActivityTags]
           ([Id],[ActivityId]
           ,[TagId]) VALUES (287,72,29);
 INSERT INTO [dbo].[ActivityTags]
           ([Id],[ActivityId]
           ,[TagId]) VALUES (288,72,36);
 INSERT INTO [dbo].[ActivityTags]
           ([Id],[ActivityId]
           ,[TagId]) VALUES (289,72,6);
 INSERT INTO [dbo].[ActivityTags]
           ([Id],[ActivityId]
           ,[TagId]) VALUES (290,73,28);
 INSERT INTO [dbo].[ActivityTags]
           ([Id],[ActivityId]
           ,[TagId]) VALUES (291,73,25);
 INSERT INTO [dbo].[ActivityTags]
           ([Id],[ActivityId]
           ,[TagId]) VALUES (292,73,21);
 INSERT INTO [dbo].[ActivityTags]
           ([Id],[ActivityId]
           ,[TagId]) VALUES (293,73,36);
 INSERT INTO [dbo].[ActivityTags]
           ([Id],[ActivityId]
           ,[TagId]) VALUES (294,73,42);
 INSERT INTO [dbo].[ActivityTags]
           ([Id],[ActivityId]
           ,[TagId]) VALUES (295,73,6);
 INSERT INTO [dbo].[ActivityTags]
           ([Id],[ActivityId]
           ,[TagId]) VALUES (296,73,30);
 INSERT INTO [dbo].[ActivityTags]
           ([Id],[ActivityId]
           ,[TagId]) VALUES (297,74,23);
 INSERT INTO [dbo].[ActivityTags]
           ([Id],[ActivityId]
           ,[TagId]) VALUES (298,74,17);
 INSERT INTO [dbo].[ActivityTags]
           ([Id],[ActivityId]
           ,[TagId]) VALUES (299,74,11);
 INSERT INTO [dbo].[ActivityTags]
           ([Id],[ActivityId]
           ,[TagId]) VALUES (300,74,18);
 INSERT INTO [dbo].[ActivityTags]
           ([Id],[ActivityId]
           ,[TagId]) VALUES (301,74,37);
 INSERT INTO [dbo].[ActivityTags]
           ([Id],[ActivityId]
           ,[TagId]) VALUES (302,74,20);
 INSERT INTO [dbo].[ActivityTags]
           ([Id],[ActivityId]
           ,[TagId]) VALUES (303,74,30);
 INSERT INTO [dbo].[ActivityTags]
           ([Id],[ActivityId]
           ,[TagId]) VALUES (304,74,36);
 INSERT INTO [dbo].[ActivityTags]
           ([Id],[ActivityId]
           ,[TagId]) VALUES (305,74,38);
 INSERT INTO [dbo].[ActivityTags]
           ([Id],[ActivityId]
           ,[TagId]) VALUES (306,74,29);
 INSERT INTO [dbo].[ActivityTags]
           ([Id],[ActivityId]
           ,[TagId]) VALUES (307,74,19);
 INSERT INTO [dbo].[ActivityTags]
           ([Id],[ActivityId]
           ,[TagId]) VALUES (308,74,35);
 INSERT INTO [dbo].[ActivityTags]
           ([Id],[ActivityId]
           ,[TagId]) VALUES (309,74,31);
 INSERT INTO [dbo].[ActivityTags]
           ([Id],[ActivityId]
           ,[TagId]) VALUES (310,74,34);
 INSERT INTO [dbo].[ActivityTags]
           ([Id],[ActivityId]
           ,[TagId]) VALUES (311,75,25);
 INSERT INTO [dbo].[ActivityTags]
           ([Id],[ActivityId]
           ,[TagId]) VALUES (312,75,23);
 INSERT INTO [dbo].[ActivityTags]
           ([Id],[ActivityId]
           ,[TagId]) VALUES (313,75,11);
 INSERT INTO [dbo].[ActivityTags]
           ([Id],[ActivityId]
           ,[TagId]) VALUES (314,75,18);
 INSERT INTO [dbo].[ActivityTags]
           ([Id],[ActivityId]
           ,[TagId]) VALUES (315,75,31);
 INSERT INTO [dbo].[ActivityTags]
           ([Id],[ActivityId]
           ,[TagId]) VALUES (316,75,34);
 INSERT INTO [dbo].[ActivityTags]
           ([Id],[ActivityId]
           ,[TagId]) VALUES (317,75,41);
 INSERT INTO [dbo].[ActivityTags]
           ([Id],[ActivityId]
           ,[TagId]) VALUES (318,75,37);
 INSERT INTO [dbo].[ActivityTags]
           ([Id],[ActivityId]
           ,[TagId]) VALUES (319,75,40);
 INSERT INTO [dbo].[ActivityTags]
           ([Id],[ActivityId]
           ,[TagId]) VALUES (320,75,20);
 INSERT INTO [dbo].[ActivityTags]
           ([Id],[ActivityId]
           ,[TagId]) VALUES (321,75,42);
 INSERT INTO [dbo].[ActivityTags]
           ([Id],[ActivityId]
           ,[TagId]) VALUES (322,75,36);
 INSERT INTO [dbo].[ActivityTags]
           ([Id],[ActivityId]
           ,[TagId]) VALUES (323,75,29);
 INSERT INTO [dbo].[ActivityTags]
           ([Id],[ActivityId]
           ,[TagId]) VALUES (324,75,19);
 INSERT INTO [dbo].[ActivityTags]
           ([Id],[ActivityId]
           ,[TagId]) VALUES (325,75,35);
 INSERT INTO [dbo].[ActivityTags]
           ([Id],[ActivityId]
           ,[TagId]) VALUES (326,76,43);
 INSERT INTO [dbo].[ActivityTags]
           ([Id],[ActivityId]
           ,[TagId]) VALUES (327,76,23);
 INSERT INTO [dbo].[ActivityTags]
           ([Id],[ActivityId]
           ,[TagId]) VALUES (328,76,25);
 INSERT INTO [dbo].[ActivityTags]
           ([Id],[ActivityId]
           ,[TagId]) VALUES (329,76,12);
 INSERT INTO [dbo].[ActivityTags]
           ([Id],[ActivityId]
           ,[TagId]) VALUES (330,76,37);
 INSERT INTO [dbo].[ActivityTags]
           ([Id],[ActivityId]
           ,[TagId]) VALUES (331,76,30);
 INSERT INTO [dbo].[ActivityTags]
           ([Id],[ActivityId]
           ,[TagId]) VALUES (332,76,36);
 INSERT INTO [dbo].[ActivityTags]
           ([Id],[ActivityId]
           ,[TagId]) VALUES (333,76,38);
 INSERT INTO [dbo].[ActivityTags]
           ([Id],[ActivityId]
           ,[TagId]) VALUES (334,76,19);
 INSERT INTO [dbo].[ActivityTags]
           ([Id],[ActivityId]
           ,[TagId]) VALUES (335,76,35);
 INSERT INTO [dbo].[ActivityTags]
           ([Id],[ActivityId]
           ,[TagId]) VALUES (336,76,31);
 INSERT INTO [dbo].[ActivityTags]
           ([Id],[ActivityId]
           ,[TagId]) VALUES (337,76,34);
 INSERT INTO [dbo].[ActivityTags]
           ([Id],[ActivityId]
           ,[TagId]) VALUES (338,77,21);
 INSERT INTO [dbo].[ActivityTags]
           ([Id],[ActivityId]
           ,[TagId]) VALUES (339,77,25);
 INSERT INTO [dbo].[ActivityTags]
           ([Id],[ActivityId]
           ,[TagId]) VALUES (340,77,38);
 INSERT INTO [dbo].[ActivityTags]
           ([Id],[ActivityId]
           ,[TagId]) VALUES (341,77,36);
 INSERT INTO [dbo].[ActivityTags]
           ([Id],[ActivityId]
           ,[TagId]) VALUES (342,77,42);
 INSERT INTO [dbo].[ActivityTags]
           ([Id],[ActivityId]
           ,[TagId]) VALUES (343,77,6);
 INSERT INTO [dbo].[ActivityTags]
           ([Id],[ActivityId]
           ,[TagId]) VALUES (344,78,23);
 INSERT INTO [dbo].[ActivityTags]
           ([Id],[ActivityId]
           ,[TagId]) VALUES (345,78,21);
 INSERT INTO [dbo].[ActivityTags]
           ([Id],[ActivityId]
           ,[TagId]) VALUES (346,78,43);
 INSERT INTO [dbo].[ActivityTags]
           ([Id],[ActivityId]
           ,[TagId]) VALUES (347,78,31);
 INSERT INTO [dbo].[ActivityTags]
           ([Id],[ActivityId]
           ,[TagId]) VALUES (348,78,25);
 INSERT INTO [dbo].[ActivityTags]
           ([Id],[ActivityId]
           ,[TagId]) VALUES (349,79,25);
 INSERT INTO [dbo].[ActivityTags]
           ([Id],[ActivityId]
           ,[TagId]) VALUES (350,79,27);
 INSERT INTO [dbo].[ActivityTags]
           ([Id],[ActivityId]
           ,[TagId]) VALUES (351,79,39);
 INSERT INTO [dbo].[ActivityTags]
           ([Id],[ActivityId]
           ,[TagId]) VALUES (352,79,23);
 INSERT INTO [dbo].[ActivityTags]
           ([Id],[ActivityId]
           ,[TagId]) VALUES (353,79,21);
 INSERT INTO [dbo].[ActivityTags]
           ([Id],[ActivityId]
           ,[TagId]) VALUES (354,79,29);
 INSERT INTO [dbo].[ActivityTags]
           ([Id],[ActivityId]
           ,[TagId]) VALUES (355,79,19);
 INSERT INTO [dbo].[ActivityTags]
           ([Id],[ActivityId]
           ,[TagId]) VALUES (356,80,22);
 INSERT INTO [dbo].[ActivityTags]
           ([Id],[ActivityId]
           ,[TagId]) VALUES (357,80,21);
 INSERT INTO [dbo].[ActivityTags]
           ([Id],[ActivityId]
           ,[TagId]) VALUES (358,80,30);
 INSERT INTO [dbo].[ActivityTags]
           ([Id],[ActivityId]
           ,[TagId]) VALUES (359,81,25);
 INSERT INTO [dbo].[ActivityTags]
           ([Id],[ActivityId]
           ,[TagId]) VALUES (360,81,22);
 INSERT INTO [dbo].[ActivityTags]
           ([Id],[ActivityId]
           ,[TagId]) VALUES (361,81,21);
 INSERT INTO [dbo].[ActivityTags]
           ([Id],[ActivityId]
           ,[TagId]) VALUES (362,81,43);
 INSERT INTO [dbo].[ActivityTags]
           ([Id],[ActivityId]
           ,[TagId]) VALUES (363,81,42);
 INSERT INTO [dbo].[ActivityTags]
           ([Id],[ActivityId]
           ,[TagId]) VALUES (364,81,36);
 INSERT INTO [dbo].[ActivityTags]
           ([Id],[ActivityId]
           ,[TagId]) VALUES (365,81,38);
 INSERT INTO [dbo].[ActivityTags]
           ([Id],[ActivityId]
           ,[TagId]) VALUES (366,81,31);
 INSERT INTO [dbo].[ActivityTags]
           ([Id],[ActivityId]
           ,[TagId]) VALUES (367,77,31);
 INSERT INTO [dbo].[ActivityTags]
           ([Id],[ActivityId]
           ,[TagId]) VALUES (368,82,23);
 INSERT INTO [dbo].[ActivityTags]
           ([Id],[ActivityId]
           ,[TagId]) VALUES (369,82,41);
 INSERT INTO [dbo].[ActivityTags]
           ([Id],[ActivityId]
           ,[TagId]) VALUES (370,82,36);
 INSERT INTO [dbo].[ActivityTags]
           ([Id],[ActivityId]
           ,[TagId]) VALUES (371,82,29);
 INSERT INTO [dbo].[ActivityTags]
           ([Id],[ActivityId]
           ,[TagId]) VALUES (372,82,19);
 INSERT INTO [dbo].[ActivityTags]
           ([Id],[ActivityId]
           ,[TagId]) VALUES (373,82,31);
 INSERT INTO [dbo].[ActivityTags]
           ([Id],[ActivityId]
           ,[TagId]) VALUES (374,83,27);
 INSERT INTO [dbo].[ActivityTags]
           ([Id],[ActivityId]
           ,[TagId]) VALUES (375,83,39);
 INSERT INTO [dbo].[ActivityTags]
           ([Id],[ActivityId]
           ,[TagId]) VALUES (376,83,25);
 INSERT INTO [dbo].[ActivityTags]
           ([Id],[ActivityId]
           ,[TagId]) VALUES (377,83,21);
 INSERT INTO [dbo].[ActivityTags]
           ([Id],[ActivityId]
           ,[TagId]) VALUES (378,83,23);
 INSERT INTO [dbo].[ActivityTags]
           ([Id],[ActivityId]
           ,[TagId]) VALUES (379,83,22);
 INSERT INTO [dbo].[ActivityTags]
           ([Id],[ActivityId]
           ,[TagId]) VALUES (380,83,6);
 INSERT INTO [dbo].[ActivityTags]
           ([Id],[ActivityId]
           ,[TagId]) VALUES (381,83,33);
 INSERT INTO [dbo].[ActivityTags]
           ([Id],[ActivityId]
           ,[TagId]) VALUES (382,3,25);
 INSERT INTO [dbo].[ActivityTags]
           ([Id],[ActivityId]
           ,[TagId]) VALUES (383,3,23);
 INSERT INTO [dbo].[ActivityTags]
           ([Id],[ActivityId]
           ,[TagId]) VALUES (384,3,11);
 INSERT INTO [dbo].[ActivityTags]
           ([Id],[ActivityId]
           ,[TagId]) VALUES (385,3,17);
 INSERT INTO [dbo].[ActivityTags]
           ([Id],[ActivityId]
           ,[TagId]) VALUES (386,3,12);
 INSERT INTO [dbo].[ActivityTags]
           ([Id],[ActivityId]
           ,[TagId]) VALUES (387,3,16);
 INSERT INTO [dbo].[ActivityTags]
           ([Id],[ActivityId]
           ,[TagId]) VALUES (388,3,13);
 INSERT INTO [dbo].[ActivityTags]
           ([Id],[ActivityId]
           ,[TagId]) VALUES (389,3,36);
 INSERT INTO [dbo].[ActivityTags]
           ([Id],[ActivityId]
           ,[TagId]) VALUES (390,3,38);
 INSERT INTO [dbo].[ActivityTags]
           ([Id],[ActivityId]
           ,[TagId]) VALUES (391,3,29);
 INSERT INTO [dbo].[ActivityTags]
           ([Id],[ActivityId]
           ,[TagId]) VALUES (392,3,30);
 INSERT INTO [dbo].[ActivityTags]
           ([Id],[ActivityId]
           ,[TagId]) VALUES (393,3,20);
 INSERT INTO [dbo].[ActivityTags]
           ([Id],[ActivityId]
           ,[TagId]) VALUES (394,3,18);
 INSERT INTO [dbo].[ActivityTags]
           ([Id],[ActivityId]
           ,[TagId]) VALUES (395,3,19);
 INSERT INTO [dbo].[ActivityTags]
           ([Id],[ActivityId]
           ,[TagId]) VALUES (396,3,35);
 INSERT INTO [dbo].[ActivityTags]
           ([Id],[ActivityId]
           ,[TagId]) VALUES (397,85,23);
 INSERT INTO [dbo].[ActivityTags]
           ([Id],[ActivityId]
           ,[TagId]) VALUES (398,85,18);
 INSERT INTO [dbo].[ActivityTags]
           ([Id],[ActivityId]
           ,[TagId]) VALUES (399,85,31);
 INSERT INTO [dbo].[ActivityTags]
           ([Id],[ActivityId]
           ,[TagId]) VALUES (400,85,19);
 INSERT INTO [dbo].[ActivityTags]
           ([Id],[ActivityId]
           ,[TagId]) VALUES (401,85,30);
 INSERT INTO [dbo].[ActivityTags]
           ([Id],[ActivityId]
           ,[TagId]) VALUES (402,85,36);
 INSERT INTO [dbo].[ActivityTags]
           ([Id],[ActivityId]
           ,[TagId]) VALUES (403,85,38);
 INSERT INTO [dbo].[ActivityTags]
           ([Id],[ActivityId]
           ,[TagId]) VALUES (404,85,29);
 INSERT INTO [dbo].[ActivityTags]
           ([Id],[ActivityId]
           ,[TagId]) VALUES (405,86,25);
 INSERT INTO [dbo].[ActivityTags]
           ([Id],[ActivityId]
           ,[TagId]) VALUES (406,86,37);
 INSERT INTO [dbo].[ActivityTags]
           ([Id],[ActivityId]
           ,[TagId]) VALUES (407,86,20);
 INSERT INTO [dbo].[ActivityTags]
           ([Id],[ActivityId]
           ,[TagId]) VALUES (408,86,38);
 INSERT INTO [dbo].[ActivityTags]
           ([Id],[ActivityId]
           ,[TagId]) VALUES (409,86,36);
 INSERT INTO [dbo].[ActivityTags]
           ([Id],[ActivityId]
           ,[TagId]) VALUES (410,86,19);
 INSERT INTO [dbo].[ActivityTags]
           ([Id],[ActivityId]
           ,[TagId]) VALUES (411,86,22);
 INSERT INTO [dbo].[ActivityTags]
           ([Id],[ActivityId]
           ,[TagId]) VALUES (412,86,21);
 INSERT INTO [dbo].[ActivityTags]
           ([Id],[ActivityId]
           ,[TagId]) VALUES (413,87,25);
 INSERT INTO [dbo].[ActivityTags]
           ([Id],[ActivityId]
           ,[TagId]) VALUES (414,87,23);
 INSERT INTO [dbo].[ActivityTags]
           ([Id],[ActivityId]
           ,[TagId]) VALUES (415,87,38);
 INSERT INTO [dbo].[ActivityTags]
           ([Id],[ActivityId]
           ,[TagId]) VALUES (416,87,36);
 INSERT INTO [dbo].[ActivityTags]
           ([Id],[ActivityId]
           ,[TagId]) VALUES (417,87,30);
 INSERT INTO [dbo].[ActivityTags]
           ([Id],[ActivityId]
           ,[TagId]) VALUES (418,87,20);
 INSERT INTO [dbo].[ActivityTags]
           ([Id],[ActivityId]
           ,[TagId]) VALUES (419,87,37);
 INSERT INTO [dbo].[ActivityTags]
           ([Id],[ActivityId]
           ,[TagId]) VALUES (420,87,18);
 INSERT INTO [dbo].[ActivityTags]
           ([Id],[ActivityId]
           ,[TagId]) VALUES (421,87,31);
 INSERT INTO [dbo].[ActivityTags]
           ([Id],[ActivityId]
           ,[TagId]) VALUES (422,87,35);
 INSERT INTO [dbo].[ActivityTags]
           ([Id],[ActivityId]
           ,[TagId]) VALUES (423,87,19);
 INSERT INTO [dbo].[ActivityTags]
           ([Id],[ActivityId]
           ,[TagId]) VALUES (424,87,12);
 INSERT INTO [dbo].[ActivityTags]
           ([Id],[ActivityId]
           ,[TagId]) VALUES (425,88,23);
 INSERT INTO [dbo].[ActivityTags]
           ([Id],[ActivityId]
           ,[TagId]) VALUES (426,88,29);
 INSERT INTO [dbo].[ActivityTags]
           ([Id],[ActivityId]
           ,[TagId]) VALUES (427,89,25);
 INSERT INTO [dbo].[ActivityTags]
           ([Id],[ActivityId]
           ,[TagId]) VALUES (428,89,23);
 INSERT INTO [dbo].[ActivityTags]
           ([Id],[ActivityId]
           ,[TagId]) VALUES (429,89,11);
 INSERT INTO [dbo].[ActivityTags]
           ([Id],[ActivityId]
           ,[TagId]) VALUES (430,89,37);
 INSERT INTO [dbo].[ActivityTags]
           ([Id],[ActivityId]
           ,[TagId]) VALUES (431,89,20);
 INSERT INTO [dbo].[ActivityTags]
           ([Id],[ActivityId]
           ,[TagId]) VALUES (432,89,36);
 INSERT INTO [dbo].[ActivityTags]
           ([Id],[ActivityId]
           ,[TagId]) VALUES (433,89,31);
 INSERT INTO [dbo].[ActivityTags]
           ([Id],[ActivityId]
           ,[TagId]) VALUES (434,89,19);
 INSERT INTO [dbo].[ActivityTags]
           ([Id],[ActivityId]
           ,[TagId]) VALUES (435,90,25);
 INSERT INTO [dbo].[ActivityTags]
           ([Id],[ActivityId]
           ,[TagId]) VALUES (436,90,22);
 INSERT INTO [dbo].[ActivityTags]
           ([Id],[ActivityId]
           ,[TagId]) VALUES (437,90,21);
 INSERT INTO [dbo].[ActivityTags]
           ([Id],[ActivityId]
           ,[TagId]) VALUES (438,90,42);
 INSERT INTO [dbo].[ActivityTags]
           ([Id],[ActivityId]
           ,[TagId]) VALUES (439,90,18);
 INSERT INTO [dbo].[ActivityTags]
           ([Id],[ActivityId]
           ,[TagId]) VALUES (440,91,25);
 INSERT INTO [dbo].[ActivityTags]
           ([Id],[ActivityId]
           ,[TagId]) VALUES (441,91,22);
 INSERT INTO [dbo].[ActivityTags]
           ([Id],[ActivityId]
           ,[TagId]) VALUES (442,91,21);
 INSERT INTO [dbo].[ActivityTags]
           ([Id],[ActivityId]
           ,[TagId]) VALUES (443,91,36);
 INSERT INTO [dbo].[ActivityTags]
           ([Id],[ActivityId]
           ,[TagId]) VALUES (444,91,42);
 INSERT INTO [dbo].[ActivityTags]
           ([Id],[ActivityId]
           ,[TagId]) VALUES (445,93,28);
 INSERT INTO [dbo].[ActivityTags]
           ([Id],[ActivityId]
           ,[TagId]) VALUES (446,93,25);
 INSERT INTO [dbo].[ActivityTags]
           ([Id],[ActivityId]
           ,[TagId]) VALUES (447,93,33);
 INSERT INTO [dbo].[ActivityTags]
           ([Id],[ActivityId]
           ,[TagId]) VALUES (448,93,22);
 INSERT INTO [dbo].[ActivityTags]
           ([Id],[ActivityId]
           ,[TagId]) VALUES (449,93,21);
 INSERT INTO [dbo].[ActivityTags]
           ([Id],[ActivityId]
           ,[TagId]) VALUES (450,94,42);
 INSERT INTO [dbo].[ActivityTags]
           ([Id],[ActivityId]
           ,[TagId]) VALUES (451,94,36);
 INSERT INTO [dbo].[ActivityTags]
           ([Id],[ActivityId]
           ,[TagId]) VALUES (452,91,11);
 INSERT INTO [dbo].[ActivityTags]
           ([Id],[ActivityId]
           ,[TagId]) VALUES (453,91,31);
 INSERT INTO [dbo].[ActivityTags]
           ([Id],[ActivityId]
           ,[TagId]) VALUES (454,95,25);
 INSERT INTO [dbo].[ActivityTags]
           ([Id],[ActivityId]
           ,[TagId]) VALUES (455,95,42);
 INSERT INTO [dbo].[ActivityTags]
           ([Id],[ActivityId]
           ,[TagId]) VALUES (456,95,36);
 INSERT INTO [dbo].[ActivityTags]
           ([Id],[ActivityId]
           ,[TagId]) VALUES (457,96,23);
 INSERT INTO [dbo].[ActivityTags]
           ([Id],[ActivityId]
           ,[TagId]) VALUES (458,96,31);
 INSERT INTO [dbo].[ActivityTags]
           ([Id],[ActivityId]
           ,[TagId]) VALUES (459,96,41);
SET IDENTITY_INSERT [dbo].[ActivityTags] OFF;
SET IDENTITY_INSERT [dbo].[Trainings] ON;
INSERT INTO [dbo].[Trainings]
           ([Id],[Name]
           ,[Description]
           ,[Duration]
           ,[PersonsMin]
           ,[PersonsMax]
           ,[Intensity]
           ,[Difficulty]
           ,[CommentBefore]
           ,[CommentAfter]
           ,[PlaceId]
           ,[TrainingGoal1Id]
           ,[TrainingGoal2Id]
           ,[TrainingGoal3Id])
      VALUES (3, N'Přihrávky I', null, 90, 10, 18, 0, 0, null, null, 1, 30, null, null);
INSERT INTO [dbo].[Trainings]
           ([Id],[Name]
           ,[Description]
           ,[Duration]
           ,[PersonsMin]
           ,[PersonsMax]
           ,[Intensity]
           ,[Difficulty]
           ,[CommentBefore]
           ,[CommentAfter]
           ,[PlaceId]
           ,[TrainingGoal1Id]
           ,[TrainingGoal2Id]
           ,[TrainingGoal3Id])
      VALUES (19, N'Přihrávky II - stanoviště', null, 90, 12, 18, 0, 0, null, null, 1, 30, null, null);
INSERT INTO [dbo].[Trainings]
           ([Id],[Name]
           ,[Description]
           ,[Duration]
           ,[PersonsMin]
           ,[PersonsMax]
           ,[Intensity]
           ,[Difficulty]
           ,[CommentBefore]
           ,[CommentAfter]
           ,[PlaceId]
           ,[TrainingGoal1Id]
           ,[TrainingGoal2Id]
           ,[TrainingGoal3Id])
      VALUES (21, N'Přihrávky III - malá tělocvična', null, 90, 10, 16, 0, 0, null, null, 3, 30, null, null);
INSERT INTO [dbo].[Trainings]
           ([Id],[Name]
           ,[Description]
           ,[Duration]
           ,[PersonsMin]
           ,[PersonsMax]
           ,[Intensity]
           ,[Difficulty]
           ,[CommentBefore]
           ,[CommentAfter]
           ,[PlaceId]
           ,[TrainingGoal1Id]
           ,[TrainingGoal2Id]
           ,[TrainingGoal3Id])
      VALUES (22, N'Přihrávky IV', null, 90, 8, 16, 0, 0, null, null, 1, 30, null, null);
INSERT INTO [dbo].[Trainings]
           ([Id],[Name]
           ,[Description]
           ,[Duration]
           ,[PersonsMin]
           ,[PersonsMax]
           ,[Intensity]
           ,[Difficulty]
           ,[CommentBefore]
           ,[CommentAfter]
           ,[PlaceId]
           ,[TrainingGoal1Id]
           ,[TrainingGoal2Id]
           ,[TrainingGoal3Id])
      VALUES (23, N'Středa II', null, 90, 10, 18, 0, 0, null, null, 1, 30, '29', '31');
INSERT INTO [dbo].[Trainings]
           ([Id],[Name]
           ,[Description]
           ,[Duration]
           ,[PersonsMin]
           ,[PersonsMax]
           ,[Intensity]
           ,[Difficulty]
           ,[CommentBefore]
           ,[CommentAfter]
           ,[PlaceId]
           ,[TrainingGoal1Id]
           ,[TrainingGoal2Id]
           ,[TrainingGoal3Id])
      VALUES (24, N'Nábor I', null, 40, 10, 25, 0, 0, null, null, 3, 30, '36', null);
INSERT INTO [dbo].[Trainings]
           ([Id],[Name]
           ,[Description]
           ,[Duration]
           ,[PersonsMin]
           ,[PersonsMax]
           ,[Intensity]
           ,[Difficulty]
           ,[CommentBefore]
           ,[CommentAfter]
           ,[PlaceId]
           ,[TrainingGoal1Id]
           ,[TrainingGoal2Id]
           ,[TrainingGoal3Id])
      VALUES (25, N'Středa III', null, 90, 12, 20, 0, 0, null, null, 1, 30, '33', '35');
INSERT INTO [dbo].[Trainings]
           ([Id],[Name]
           ,[Description]
           ,[Duration]
           ,[PersonsMin]
           ,[PersonsMax]
           ,[Intensity]
           ,[Difficulty]
           ,[CommentBefore]
           ,[CommentAfter]
           ,[PlaceId]
           ,[TrainingGoal1Id]
           ,[TrainingGoal2Id]
           ,[TrainingGoal3Id])
      VALUES (26, N'Rozehrávka z rohu', null, 90, 14, 20, 0, 0, null, null, 1, 37, '30', '29');
INSERT INTO [dbo].[Trainings]
           ([Id],[Name]
           ,[Description]
           ,[Duration]
           ,[PersonsMin]
           ,[PersonsMax]
           ,[Intensity]
           ,[Difficulty]
           ,[CommentBefore]
           ,[CommentAfter]
           ,[PlaceId]
           ,[TrainingGoal1Id]
           ,[TrainingGoal2Id]
           ,[TrainingGoal3Id])
      VALUES (27, N'Hlídání útočníka', null, 90, 10, 30, 0, 0, null, null, 1, 20, '19', '35');
INSERT INTO [dbo].[Trainings]
           ([Id],[Name]
           ,[Description]
           ,[Duration]
           ,[PersonsMin]
           ,[PersonsMax]
           ,[Intensity]
           ,[Difficulty]
           ,[CommentBefore]
           ,[CommentAfter]
           ,[PlaceId]
           ,[TrainingGoal1Id]
           ,[TrainingGoal2Id]
           ,[TrainingGoal3Id])
      VALUES (28, N'Postřehové hry a vedení míčku', null, 90, 10, 15, 0, 0, null, null, 1, 42, '36', '31');
INSERT INTO [dbo].[Trainings]
           ([Id],[Name]
           ,[Description]
           ,[Duration]
           ,[PersonsMin]
           ,[PersonsMax]
           ,[Intensity]
           ,[Difficulty]
           ,[CommentBefore]
           ,[CommentAfter]
           ,[PlaceId]
           ,[TrainingGoal1Id]
           ,[TrainingGoal2Id]
           ,[TrainingGoal3Id])
      VALUES (29, N'Vedení míčku VII', null, 90, 12, 18, 0, 0, null, null, 1, 31, null, null);
SET IDENTITY_INSERT [dbo].[Trainings] OFF;
SET IDENTITY_INSERT [dbo].[TrainingAgeGroups] ON;
INSERT INTO [dbo].[TrainingAgeGroups]
           ([Id],[TrainingId]
           ,[AgeGroupId]) VALUES (4,3,11);
INSERT INTO [dbo].[TrainingAgeGroups]
           ([Id],[TrainingId]
           ,[AgeGroupId]) VALUES (18,19,11);
INSERT INTO [dbo].[TrainingAgeGroups]
           ([Id],[TrainingId]
           ,[AgeGroupId]) VALUES (20,21,11);
INSERT INTO [dbo].[TrainingAgeGroups]
           ([Id],[TrainingId]
           ,[AgeGroupId]) VALUES (21,22,11);
INSERT INTO [dbo].[TrainingAgeGroups]
           ([Id],[TrainingId]
           ,[AgeGroupId]) VALUES (22,22,13);
INSERT INTO [dbo].[TrainingAgeGroups]
           ([Id],[TrainingId]
           ,[AgeGroupId]) VALUES (23,23,11);
INSERT INTO [dbo].[TrainingAgeGroups]
           ([Id],[TrainingId]
           ,[AgeGroupId]) VALUES (24,23,13);
INSERT INTO [dbo].[TrainingAgeGroups]
           ([Id],[TrainingId]
           ,[AgeGroupId]) VALUES (25,24,11);
INSERT INTO [dbo].[TrainingAgeGroups]
           ([Id],[TrainingId]
           ,[AgeGroupId]) VALUES (26,25,11);
INSERT INTO [dbo].[TrainingAgeGroups]
           ([Id],[TrainingId]
           ,[AgeGroupId]) VALUES (27,25,13);
INSERT INTO [dbo].[TrainingAgeGroups]
           ([Id],[TrainingId]
           ,[AgeGroupId]) VALUES (28,26,11);
INSERT INTO [dbo].[TrainingAgeGroups]
           ([Id],[TrainingId]
           ,[AgeGroupId]) VALUES (29,26,13);
INSERT INTO [dbo].[TrainingAgeGroups]
           ([Id],[TrainingId]
           ,[AgeGroupId]) VALUES (30,27,11);
INSERT INTO [dbo].[TrainingAgeGroups]
           ([Id],[TrainingId]
           ,[AgeGroupId]) VALUES (31,28,11);
INSERT INTO [dbo].[TrainingAgeGroups]
           ([Id],[TrainingId]
           ,[AgeGroupId]) VALUES (32,29,11);
INSERT INTO [dbo].[TrainingAgeGroups]
           ([Id],[TrainingId]
           ,[AgeGroupId]) VALUES (33,29,13);
SET IDENTITY_INSERT [dbo].[TrainingAgeGroups] OFF;
SET IDENTITY_INSERT [dbo].[TrainingParts] ON;
INSERT INTO [dbo].[TrainingParts]
           ([Id],[Name]
           ,[Description]
           ,[Order]
           ,[TrainingId]
           ,[Duration])
     VALUES (14, N'Chobotnice', null, 1, 3, 15);
INSERT INTO [dbo].[TrainingParts]
           ([Id],[Name]
           ,[Description]
           ,[Order]
           ,[TrainingId]
           ,[Duration])
     VALUES (24, N'Honička po čtyřech', null, 1, 19, 10);
INSERT INTO [dbo].[TrainingParts]
           ([Id],[Name]
           ,[Description]
           ,[Order]
           ,[TrainingId]
           ,[Duration])
     VALUES (31, N'Dynamická rozcvička', null, 1, 19, 10);
INSERT INTO [dbo].[TrainingParts]
           ([Id],[Name]
           ,[Description]
           ,[Order]
           ,[TrainingId]
           ,[Duration])
     VALUES (32, N'Týdenní výzva', null, 1, 19, 10);
INSERT INTO [dbo].[TrainingParts]
           ([Id],[Name]
           ,[Description]
           ,[Order]
           ,[TrainingId]
           ,[Duration])
     VALUES (37, N'Dynamická rozcvička', null, 1, 3, 20);
INSERT INTO [dbo].[TrainingParts]
           ([Id],[Name]
           ,[Description]
           ,[Order]
           ,[TrainingId]
           ,[Duration])
     VALUES (41, N'Přihrávky v kruhu + brankářská rozcvička', null, 1, 3, 10);
INSERT INTO [dbo].[TrainingParts]
           ([Id],[Name]
           ,[Description]
           ,[Order]
           ,[TrainingId]
           ,[Duration])
     VALUES (42, N'Přihrávky ve dvojici + Přesuny podél hřiště', null, 1, 3, 10);
INSERT INTO [dbo].[TrainingParts]
           ([Id],[Name]
           ,[Description]
           ,[Order]
           ,[TrainingId]
           ,[Duration])
     VALUES (44, N'Bago pro 3 + Výhozy na cíl', null, 1, 3, 15);
INSERT INTO [dbo].[TrainingParts]
           ([Id],[Name]
           ,[Description]
           ,[Order]
           ,[TrainingId]
           ,[Duration])
     VALUES (47, N'Florbal 2x2', null, 1, 3, 20);
INSERT INTO [dbo].[TrainingParts]
           ([Id],[Name]
           ,[Description]
           ,[Order]
           ,[TrainingId]
           ,[Duration])
     VALUES (51, N'Stanoviště', 'Interval 3 minuty + 30 sekund přestávka. po 4 přestávka 1 min.', 1, 19, 40);
INSERT INTO [dbo].[TrainingParts]
           ([Id],[Name]
           ,[Description]
           ,[Order]
           ,[TrainingId]
           ,[Duration])
     VALUES (57, N'Florbal 2x2', null, 1, 19, 20);
INSERT INTO [dbo].[TrainingParts]
           ([Id],[Name]
           ,[Description]
           ,[Order]
           ,[TrainingId]
           ,[Duration])
     VALUES (58, N'Honička Kho Kho', null, 1, 21, 10);
INSERT INTO [dbo].[TrainingParts]
           ([Id],[Name]
           ,[Description]
           ,[Order]
           ,[TrainingId]
           ,[Duration])
     VALUES (63, N'Bago 2+2+2', null, 1, 21, 10);
INSERT INTO [dbo].[TrainingParts]
           ([Id],[Name]
           ,[Description]
           ,[Order]
           ,[TrainingId]
           ,[Duration])
     VALUES (64, N'1v1 -  2v1 - 3v2', null, 1, 21, 20);
INSERT INTO [dbo].[TrainingParts]
           ([Id],[Name]
           ,[Description]
           ,[Order]
           ,[TrainingId]
           ,[Duration])
     VALUES (65, N'Bago pro 3', null, 1, 21, 10);
INSERT INTO [dbo].[TrainingParts]
           ([Id],[Name]
           ,[Description]
           ,[Order]
           ,[TrainingId]
           ,[Duration])
     VALUES (66, N'Přeskoky přes švihadlo', null, 1, 22, 5);
INSERT INTO [dbo].[TrainingParts]
           ([Id],[Name]
           ,[Description]
           ,[Order]
           ,[TrainingId]
           ,[Duration])
     VALUES (67, N'Štafety', null, 1, 22, 15);
INSERT INTO [dbo].[TrainingParts]
           ([Id],[Name]
           ,[Description]
           ,[Order]
           ,[TrainingId]
           ,[Duration])
     VALUES (68, N'Týdenní výzva - každý den 6x10', 'Každý provede poctivé kliky. Podle svých schopností si svolí polohu rukou vůči nohám', 1, 22, 10);
INSERT INTO [dbo].[TrainingParts]
           ([Id],[Name]
           ,[Description]
           ,[Order]
           ,[TrainingId]
           ,[Duration])
     VALUES (69, N'1 v 2 ', null, 1, 22, 10);
INSERT INTO [dbo].[TrainingParts]
           ([Id],[Name]
           ,[Description]
           ,[Order]
           ,[TrainingId]
           ,[Duration])
     VALUES (70, N'1v1 -  2v1 - 3v2', null, 1, 22, 20);
INSERT INTO [dbo].[TrainingParts]
           ([Id],[Name]
           ,[Description]
           ,[Order]
           ,[TrainingId]
           ,[Duration])
     VALUES (71, N'Kam nahraješ tam jdeš s naražením', null, 1, 22, 10);
INSERT INTO [dbo].[TrainingParts]
           ([Id],[Name]
           ,[Description]
           ,[Order]
           ,[TrainingId]
           ,[Duration])
     VALUES (72, N'Florbal 3x3', null, 1, 22, 20);
INSERT INTO [dbo].[TrainingParts]
           ([Id],[Name]
           ,[Description]
           ,[Order]
           ,[TrainingId]
           ,[Duration])
     VALUES (74, N'Sedací baba', null, 1, 24, 10);
INSERT INTO [dbo].[TrainingParts]
           ([Id],[Name]
           ,[Description]
           ,[Order]
           ,[TrainingId]
           ,[Duration])
     VALUES (75, N'Bořiči a stavitelé', null, 1, 24, 10);
INSERT INTO [dbo].[TrainingParts]
           ([Id],[Name]
           ,[Description]
           ,[Order]
           ,[TrainingId]
           ,[Duration])
     VALUES (76, N'Minové pole se zakončením', null, 1, 24, 10);
INSERT INTO [dbo].[TrainingParts]
           ([Id],[Name]
           ,[Description]
           ,[Order]
           ,[TrainingId]
           ,[Duration])
     VALUES (77, N'Střelba na cíl', null, 1, 24, 10);
INSERT INTO [dbo].[TrainingParts]
           ([Id],[Name]
           ,[Description]
           ,[Order]
           ,[TrainingId]
           ,[Duration])
     VALUES (80, N'Sedací baba', null, 1, 23, 15);
INSERT INTO [dbo].[TrainingParts]
           ([Id],[Name]
           ,[Description]
           ,[Order]
           ,[TrainingId]
           ,[Duration])
     VALUES (81, N'Sedavá baba s florbalkou a míčkem', 'Jako úkol bude střela na branku s brankářem na druhé straně hřiště', 1, 23, 15);
INSERT INTO [dbo].[TrainingParts]
           ([Id],[Name]
           ,[Description]
           ,[Order]
           ,[TrainingId]
           ,[Duration])
     VALUES (82, N'Překážková dráha se zakončením', 'finální zakončení jako vběhnutí na hřiště', 1, 23, 20);
INSERT INTO [dbo].[TrainingParts]
           ([Id],[Name]
           ,[Description]
           ,[Order]
           ,[TrainingId]
           ,[Duration])
     VALUES (85, N'Hra', null, 1, 23, 25);
INSERT INTO [dbo].[TrainingParts]
           ([Id],[Name]
           ,[Description]
           ,[Order]
           ,[TrainingId]
           ,[Duration])
     VALUES (86, N'Tabata - 1 kolo - 8 cviků- 20s. + 10sec. pauza ', null, 1, 25, 10);
INSERT INTO [dbo].[TrainingParts]
           ([Id],[Name]
           ,[Description]
           ,[Order]
           ,[TrainingId]
           ,[Duration])
     VALUES (87, N'Na ovečky a vlky s florbalkou a míčkem', null, 1, 25, 10);
INSERT INTO [dbo].[TrainingParts]
           ([Id],[Name]
           ,[Description]
           ,[Order]
           ,[TrainingId]
           ,[Duration])
     VALUES (88, N'Kam nahraješ tam jdeš s naražením', null, 1, 25, 20);
INSERT INTO [dbo].[TrainingParts]
           ([Id],[Name]
           ,[Description]
           ,[Order]
           ,[TrainingId]
           ,[Duration])
     VALUES (89, N'Překážková dráha se zakončením', null, 1, 25, 25);
INSERT INTO [dbo].[TrainingParts]
           ([Id],[Name]
           ,[Description]
           ,[Order]
           ,[TrainingId]
           ,[Duration])
     VALUES (90, N'Florbal 3x3 - branky uprostřed', null, 1, 25, 25);
INSERT INTO [dbo].[TrainingParts]
           ([Id],[Name]
           ,[Description]
           ,[Order]
           ,[TrainingId]
           ,[Duration])
     VALUES (91, N'Týmová vybíjená', null, 1, 26, 15);
INSERT INTO [dbo].[TrainingParts]
           ([Id],[Name]
           ,[Description]
           ,[Order]
           ,[TrainingId]
           ,[Duration])
     VALUES (92, N'Dynamická rozcvička', null, 1, 26, 10);
INSERT INTO [dbo].[TrainingParts]
           ([Id],[Name]
           ,[Description]
           ,[Order]
           ,[TrainingId]
           ,[Duration])
     VALUES (93, N'Kam nahraješ, tam jdeš', null, 1, 26, 20);
INSERT INTO [dbo].[TrainingParts]
           ([Id],[Name]
           ,[Description]
           ,[Order]
           ,[TrainingId]
           ,[Duration])
     VALUES (94, N' Florbal 2x2 branky uprostřed zády k sobě', null, 1, 26, 25);
INSERT INTO [dbo].[TrainingParts]
           ([Id],[Name]
           ,[Description]
           ,[Order]
           ,[TrainingId]
           ,[Duration])
     VALUES (95, N'Rozcvička s míčkem (ve dvojicích)', null, 1, 27, 15);
INSERT INTO [dbo].[TrainingParts]
           ([Id],[Name]
           ,[Description]
           ,[Order]
           ,[TrainingId]
           ,[Duration])
     VALUES (96, N'2', null, 1, 27, 20);
INSERT INTO [dbo].[TrainingParts]
           ([Id],[Name]
           ,[Description]
           ,[Order]
           ,[TrainingId]
           ,[Duration])
     VALUES (97, N'Hlídání střelce', null, 1, 27, 20);
INSERT INTO [dbo].[TrainingParts]
           ([Id],[Name]
           ,[Description]
           ,[Order]
           ,[TrainingId]
           ,[Duration])
     VALUES (98, N'Bago 2+2+2', null, 1, 27, 20);
INSERT INTO [dbo].[TrainingParts]
           ([Id],[Name]
           ,[Description]
           ,[Order]
           ,[TrainingId]
           ,[Duration])
     VALUES (99, N'Hra na zahřátí', null, 1, 28, 12);
INSERT INTO [dbo].[TrainingParts]
           ([Id],[Name]
           ,[Description]
           ,[Order]
           ,[TrainingId]
           ,[Duration])
     VALUES (100, N'Honička kolem tvaru ve dvojici v limitu', 'Na jedno kolo limit 20 sekund. Pak výměna role. Poté výměna partnera. 3 kola.', 1, 28, 10);
INSERT INTO [dbo].[TrainingParts]
           ([Id],[Name]
           ,[Description]
           ,[Order]
           ,[TrainingId]
           ,[Duration])
     VALUES (101, N'Honička s míčkem kolem tvaru ve dvojici v limitu', 'Na jedno kolo limit 15 sekund. Pak výměna role. Poté výměna partnera. 3 kola.', 1, 28, 10);
INSERT INTO [dbo].[TrainingParts]
           ([Id],[Name]
           ,[Description]
           ,[Order]
           ,[TrainingId]
           ,[Duration])
     VALUES (102, N'Chyť si svůj míček', null, 1, 28, 20);
INSERT INTO [dbo].[TrainingParts]
           ([Id],[Name]
           ,[Description]
           ,[Order]
           ,[TrainingId]
           ,[Duration])
     VALUES (103, N'Florbal 3x3', null, 1, 28, 20);
INSERT INTO [dbo].[TrainingParts]
           ([Id],[Name]
           ,[Description]
           ,[Order]
           ,[TrainingId]
           ,[Duration])
     VALUES (104, N'Šnečí závod', null, 1, 29, 15);
INSERT INTO [dbo].[TrainingParts]
           ([Id],[Name]
           ,[Description]
           ,[Order]
           ,[TrainingId]
           ,[Duration])
     VALUES (105, N'Sbírání věcí v trakaři ve dvojici', null, 1, 29, 15);
INSERT INTO [dbo].[TrainingParts]
           ([Id],[Name]
           ,[Description]
           ,[Order]
           ,[TrainingId]
           ,[Duration])
     VALUES (106, N'Překážková dráha se zakončením', null, 1, 29, 20);
INSERT INTO [dbo].[TrainingParts]
           ([Id],[Name]
           ,[Description]
           ,[Order]
           ,[TrainingId]
           ,[Duration])
     VALUES (107, N'Florbalový biatlon ', null, 1, 29, 20);
INSERT INTO [dbo].[TrainingParts]
           ([Id],[Name]
           ,[Description]
           ,[Order]
           ,[TrainingId]
           ,[Duration])
     VALUES (108, N'Florbal 3x3', null, 1, 29, 20);
SET IDENTITY_INSERT [dbo].[TrainingParts] OFF;
SET IDENTITY_INSERT [dbo].[TrainingGroups] ON;
INSERT INTO [dbo].[TrainingGroups]
           ([Id],[PersonsMax]
           ,[PersonsMin]
           ,[ActivityId]
           ,[TrainingPartId]) VALUES (14, 30, 0, 46, 14);
INSERT INTO [dbo].[TrainingGroups]
           ([Id],[PersonsMax]
           ,[PersonsMin]
           ,[ActivityId]
           ,[TrainingPartId]) VALUES (22, 30, 0, 54, 24);
INSERT INTO [dbo].[TrainingGroups]
           ([Id],[PersonsMax]
           ,[PersonsMin]
           ,[ActivityId]
           ,[TrainingPartId]) VALUES (35, 18, 0, 45, 32);
INSERT INTO [dbo].[TrainingGroups]
           ([Id],[PersonsMax]
           ,[PersonsMin]
           ,[ActivityId]
           ,[TrainingPartId]) VALUES (36, 18, 12, 40, 31);
INSERT INTO [dbo].[TrainingGroups]
           ([Id],[PersonsMax]
           ,[PersonsMin]
           ,[ActivityId]
           ,[TrainingPartId]) VALUES (41, 18, 10, 40, 37);
INSERT INTO [dbo].[TrainingGroups]
           ([Id],[PersonsMax]
           ,[PersonsMin]
           ,[ActivityId]
           ,[TrainingPartId]) VALUES (49, 18, 0, 44, 41);
INSERT INTO [dbo].[TrainingGroups]
           ([Id],[PersonsMax]
           ,[PersonsMin]
           ,[ActivityId]
           ,[TrainingPartId]) VALUES (50, 18, 0, 41, 42);
INSERT INTO [dbo].[TrainingGroups]
           ([Id],[PersonsMax]
           ,[PersonsMin]
           ,[ActivityId]
           ,[TrainingPartId]) VALUES (51, 18, 10, 49, 41);
INSERT INTO [dbo].[TrainingGroups]
           ([Id],[PersonsMax]
           ,[PersonsMin]
           ,[ActivityId]
           ,[TrainingPartId]) VALUES (57, 3, 1, 51, 42);
INSERT INTO [dbo].[TrainingGroups]
           ([Id],[PersonsMax]
           ,[PersonsMin]
           ,[ActivityId]
           ,[TrainingPartId]) VALUES (58, 15, 10, 26, 44);
INSERT INTO [dbo].[TrainingGroups]
           ([Id],[PersonsMax]
           ,[PersonsMin]
           ,[ActivityId]
           ,[TrainingPartId]) VALUES (59, 3, 1, 50, 44);
INSERT INTO [dbo].[TrainingGroups]
           ([Id],[PersonsMax]
           ,[PersonsMin]
           ,[ActivityId]
           ,[TrainingPartId]) VALUES (62, 18, 0, 6, 47);
INSERT INTO [dbo].[TrainingGroups]
           ([Id],[PersonsMax]
           ,[PersonsMin]
           ,[ActivityId]
           ,[TrainingPartId]) VALUES (66, 4, 4, 56, 51);
INSERT INTO [dbo].[TrainingGroups]
           ([Id],[PersonsMax]
           ,[PersonsMin]
           ,[ActivityId]
           ,[TrainingPartId]) VALUES (67, 4, 4, 57, 51);
INSERT INTO [dbo].[TrainingGroups]
           ([Id],[PersonsMax]
           ,[PersonsMin]
           ,[ActivityId]
           ,[TrainingPartId]) VALUES (68, 3, 3, 58, 51);
INSERT INTO [dbo].[TrainingGroups]
           ([Id],[PersonsMax]
           ,[PersonsMin]
           ,[ActivityId]
           ,[TrainingPartId]) VALUES (79, 2, 2, 60, 51);
INSERT INTO [dbo].[TrainingGroups]
           ([Id],[PersonsMax]
           ,[PersonsMin]
           ,[ActivityId]
           ,[TrainingPartId]) VALUES (80, 18, 12, 6, 57);
INSERT INTO [dbo].[TrainingGroups]
           ([Id],[PersonsMax]
           ,[PersonsMin]
           ,[ActivityId]
           ,[TrainingPartId]) VALUES (88, 15, 10, 26, 65);
INSERT INTO [dbo].[TrainingGroups]
           ([Id],[PersonsMax]
           ,[PersonsMin]
           ,[ActivityId]
           ,[TrainingPartId]) VALUES (97, 25, 10, 77, 74);
INSERT INTO [dbo].[TrainingGroups]
           ([Id],[PersonsMax]
           ,[PersonsMin]
           ,[ActivityId]
           ,[TrainingPartId]) VALUES (98, 25, 10, 55, 75);
INSERT INTO [dbo].[TrainingGroups]
           ([Id],[PersonsMax]
           ,[PersonsMin]
           ,[ActivityId]
           ,[TrainingPartId]) VALUES (99, 25, 0, 78, 76);
INSERT INTO [dbo].[TrainingGroups]
           ([Id],[PersonsMax]
           ,[PersonsMin]
           ,[ActivityId]
           ,[TrainingPartId]) VALUES (100, 25, 0, 79, 77);
INSERT INTO [dbo].[TrainingGroups]
           ([Id],[PersonsMax]
           ,[PersonsMin]
           ,[ActivityId]
           ,[TrainingPartId]) VALUES (103, 18, 10, 77, 80);
INSERT INTO [dbo].[TrainingGroups]
           ([Id],[PersonsMax]
           ,[PersonsMin]
           ,[ActivityId]
           ,[TrainingPartId]) VALUES (104, 18, 10, 81, 81);
INSERT INTO [dbo].[TrainingGroups]
           ([Id],[PersonsMax]
           ,[PersonsMin]
           ,[ActivityId]
           ,[TrainingPartId]) VALUES (105, 18, 10, 82, 82);
INSERT INTO [dbo].[TrainingGroups]
           ([Id],[PersonsMax]
           ,[PersonsMin]
           ,[ActivityId]
           ,[TrainingPartId]) VALUES (108, 15, 10, 3, 85);
INSERT INTO [dbo].[TrainingGroups]
           ([Id],[PersonsMax]
           ,[PersonsMin]
           ,[ActivityId]
           ,[TrainingPartId]) VALUES (109, 3, 1, 50, 85);
INSERT INTO [dbo].[TrainingGroups]
           ([Id],[PersonsMax]
           ,[PersonsMin]
           ,[ActivityId]
           ,[TrainingPartId]) VALUES (110, 20, 12, 83, 86);
INSERT INTO [dbo].[TrainingGroups]
           ([Id],[PersonsMax]
           ,[PersonsMin]
           ,[ActivityId]
           ,[TrainingPartId]) VALUES (111, 17, 12, 4, 87);
INSERT INTO [dbo].[TrainingGroups]
           ([Id],[PersonsMax]
           ,[PersonsMin]
           ,[ActivityId]
           ,[TrainingPartId]) VALUES (112, 3, 1, 49, 87);
INSERT INTO [dbo].[TrainingGroups]
           ([Id],[PersonsMax]
           ,[PersonsMin]
           ,[ActivityId]
           ,[TrainingPartId]) VALUES (113, 17, 12, 71, 88);
INSERT INTO [dbo].[TrainingGroups]
           ([Id],[PersonsMax]
           ,[PersonsMin]
           ,[ActivityId]
           ,[TrainingPartId]) VALUES (114, 3, 1, 50, 88);
INSERT INTO [dbo].[TrainingGroups]
           ([Id],[PersonsMax]
           ,[PersonsMin]
           ,[ActivityId]
           ,[TrainingPartId]) VALUES (115, 20, 12, 82, 89);
INSERT INTO [dbo].[TrainingGroups]
           ([Id],[PersonsMax]
           ,[PersonsMin]
           ,[ActivityId]
           ,[TrainingPartId]) VALUES (116, 20, 0, 3, 90);
INSERT INTO [dbo].[TrainingGroups]
           ([Id],[PersonsMax]
           ,[PersonsMin]
           ,[ActivityId]
           ,[TrainingPartId]) VALUES (117, 20, 14, 86, 91);
INSERT INTO [dbo].[TrainingGroups]
           ([Id],[PersonsMax]
           ,[PersonsMin]
           ,[ActivityId]
           ,[TrainingPartId]) VALUES (118, 20, 0, 40, 92);
INSERT INTO [dbo].[TrainingGroups]
           ([Id],[PersonsMax]
           ,[PersonsMin]
           ,[ActivityId]
           ,[TrainingPartId]) VALUES (119, 17, 14, 43, 93);
INSERT INTO [dbo].[TrainingGroups]
           ([Id],[PersonsMax]
           ,[PersonsMin]
           ,[ActivityId]
           ,[TrainingPartId]) VALUES (120, 3, 1, 50, 93);
INSERT INTO [dbo].[TrainingGroups]
           ([Id],[PersonsMax]
           ,[PersonsMin]
           ,[ActivityId]
           ,[TrainingPartId]) VALUES (121, 20, 14, 87, 94);
INSERT INTO [dbo].[TrainingGroups]
           ([Id],[PersonsMax]
           ,[PersonsMin]
           ,[ActivityId]
           ,[TrainingPartId]) VALUES (122, 30, 0, 80, 95);
INSERT INTO [dbo].[TrainingGroups]
           ([Id],[PersonsMax]
           ,[PersonsMin]
           ,[ActivityId]
           ,[TrainingPartId]) VALUES (123, 30, 0, 72, 96);
INSERT INTO [dbo].[TrainingGroups]
           ([Id],[PersonsMax]
           ,[PersonsMin]
           ,[ActivityId]
           ,[TrainingPartId]) VALUES (124, 26, 10, 89, 97);
INSERT INTO [dbo].[TrainingGroups]
           ([Id],[PersonsMax]
           ,[PersonsMin]
           ,[ActivityId]
           ,[TrainingPartId]) VALUES (125, 1, 1, 50, 97);
INSERT INTO [dbo].[TrainingGroups]
           ([Id],[PersonsMax]
           ,[PersonsMin]
           ,[ActivityId]
           ,[TrainingPartId]) VALUES (126, 2, 2, 90, 97);
INSERT INTO [dbo].[TrainingGroups]
           ([Id],[PersonsMax]
           ,[PersonsMin]
           ,[ActivityId]
           ,[TrainingPartId]) VALUES (127, 30, 10, 6, 98);
INSERT INTO [dbo].[TrainingGroups]
           ([Id],[PersonsMax]
           ,[PersonsMin]
           ,[ActivityId]
           ,[TrainingPartId]) VALUES (128, 15, 10, 92, 99);
INSERT INTO [dbo].[TrainingGroups]
           ([Id],[PersonsMax]
           ,[PersonsMin]
           ,[ActivityId]
           ,[TrainingPartId]) VALUES (129, 15, 10, 91, 100);
INSERT INTO [dbo].[TrainingGroups]
           ([Id],[PersonsMax]
           ,[PersonsMin]
           ,[ActivityId]
           ,[TrainingPartId]) VALUES (130, 15, 10, 91, 101);
INSERT INTO [dbo].[TrainingGroups]
           ([Id],[PersonsMax]
           ,[PersonsMin]
           ,[ActivityId]
           ,[TrainingPartId]) VALUES (131, 15, 0, 95, 102);
INSERT INTO [dbo].[TrainingGroups]
           ([Id],[PersonsMax]
           ,[PersonsMin]
           ,[ActivityId]
           ,[TrainingPartId]) VALUES (132, 15, 0, 3, 103);
INSERT INTO [dbo].[TrainingGroups]
           ([Id],[PersonsMax]
           ,[PersonsMin]
           ,[ActivityId]
           ,[TrainingPartId]) VALUES (133, 18, 12, 67, 104);
INSERT INTO [dbo].[TrainingGroups]
           ([Id],[PersonsMax]
           ,[PersonsMin]
           ,[ActivityId]
           ,[TrainingPartId]) VALUES (134, 18, 12, 93, 105);
INSERT INTO [dbo].[TrainingGroups]
           ([Id],[PersonsMax]
           ,[PersonsMin]
           ,[ActivityId]
           ,[TrainingPartId]) VALUES (135, 18, 12, 82, 106);
INSERT INTO [dbo].[TrainingGroups]
           ([Id],[PersonsMax]
           ,[PersonsMin]
           ,[ActivityId]
           ,[TrainingPartId]) VALUES (136, 18, 12, 96, 107);
INSERT INTO [dbo].[TrainingGroups]
           ([Id],[PersonsMax]
           ,[PersonsMin]
           ,[ActivityId]
           ,[TrainingPartId]) VALUES (137, 18, 12, 3, 108);
SET IDENTITY_INSERT [dbo].[TrainingGroups] OFF;
